ra_deg,dec_deg,mag,nama,bayer,konstelasi,hip
101.28722,-16.71612,-1.44,Sirius,Alp,CMa,32349
95.98792,-52.69566,-0.62,Canopus,Alp,Car,30438
213.91545,19.18241,-0.05,Arcturus,Alp,Boo,69673
219.91147,-60.83398,-0.01,Rigil Kentaurus,Alp-1,Cen,71683
279.23460,38.78369,0.03,Vega,Alp,Lyr,91262
79.17225,45.99799,0.08,Capella,Alp,Aur,24608
78.63447,-8.20164,0.18,Rigel,Bet,Ori,24436
114.82550,5.22499,0.40,Procyon,Alp,CMi,37279
24.42834,-57.23676,0.45,Achernar,Alp,Eri,7588
88.79293,7.40706,0.45,Betelgeuse,Alp,Ori,27989
210.95594,-60.37304,0.61,Hadar,Bet,Cen,68702
297.69582,8.86832,0.76,Altair,Alp,Aql,97649
186.64966,-63.09909,0.77,Acrux,Alp-1,Cru,60718
68.98016,16.50930,0.87,Aldebaran,Alp,Tau,21421
79.16889,46.00084,0.96,,,Aur,
201.29825,-11.16132,0.98,Spica,Alp,Vir,65474
247.35192,-26.43200,1.06,Antares,Alp,Sco,80763
116.32916,28.02620,1.16,Pollux,Bet,Gem,37826
344.41257,-29.62224,1.17,Fomalhaut,Alp,PsA,113368
191.93039,-59.68876,1.25,Mimosa,Bet,Cru,62434
310.35798,45.28034,1.25,Deneb,Alp,Cyg,102098
219.90519,-60.83830,1.35,Toliman,Alp-2,Cen,71681
152.09298,11.96721,1.36,Regulus,Alp,Leo,49669
104.65645,-28.97208,1.50,Adhara,Eps,CMa,33579
113.64951,31.88828,1.58,Castor,Alp,Gem,36850
187.79144,-57.11321,1.59,Gacrux,Gam,Cru,61084
263.40217,-37.10382,1.62,Shaula,Lam,Sco,85927
81.28276,6.34970,1.64,Bellatrix,Gam,Ori,25336
81.57297,28.60745,1.65,Elnath,Bet,Tau,25428
138.30061,-69.71721,1.67,Miaplacidus,Bet,Car,45238
84.05338,-1.20192,1.69,Alnilam,Eps,Ori,26311
332.05813,-46.96097,1.73,Alnair,Alp,Gru,109268
85.18970,-1.94257,1.74,Alnitak,Zet,Ori,26727
122.38314,-47.33659,1.75,,Gam-2,Vel,39953
193.50708,55.95982,1.76,Alioth,Eps,UMa,62956
51.08067,49.86118,1.79,Mirfak,Alp,Per,15863
276.04302,-34.38462,1.79,Kaus Australis,Eps,Sgr,90185
165.93233,61.75103,1.81,Dubhe,Alp,UMa,54061
107.09785,-26.39320,1.83,Wezen,Del,CMa,34444
206.88531,49.31327,1.85,Alkaid,Eta,UMa,67301
125.62854,-59.50948,1.86,Avior,Eps,Car,41037
264.32970,-42.99782,1.86,Sargas,The,Sco,86228
89.88224,44.94743,1.90,Menkalinan,Bet,Aur,28360
252.16616,-69.02772,1.91,Atria,Alp,TrA,82273
99.42792,16.39925,1.93,Alhena,Gam,Gem,31681
131.17588,-54.70882,1.93,Alsephina,Del,Vel,42913
306.41188,-56.73509,1.94,Peacock,Alp,Pav,100751
37.94625,89.26411,1.97,Polaris,Alp,UMi,11767
95.67494,-17.95592,1.98,Mirzam,Bet,CMa,30324
141.89685,-8.65860,1.99,Alphard,Alp,Hya,46390
31.79333,23.46242,2.01,Hamal,Alp,Ari,9884
154.99309,19.84149,2.01,Algieba,Gam-1,Leo,50583
10.89735,-17.98661,2.04,Diphda,Bet,Cet,3419
283.81635,-26.29672,2.05,Nunki,Sig,Sgr,92855
211.67093,-36.36995,2.06,Menkent,The,Cen,68933
2.09687,29.09043,2.07,Alpheratz,Alp,And,677
17.43291,35.62056,2.07,Mirach,Bet,And,5447
86.93912,-9.66961,2.07,Saiph,Kap,Ori,27366
222.67658,74.15551,2.07,Kochab,Bet,UMi,72607
340.66672,-46.88458,2.07,Tiaki,Bet,Gru,112122
263.73361,12.56003,2.08,Rasalhague,Alp,Oph,86032
47.04222,40.95565,2.09,Algol,Bet,Per,14576
30.97476,42.32973,2.10,Almach,Gam-1,And,9640
177.26494,14.57206,2.14,Denebola,Bet,Leo,57632
14.17714,60.71674,2.15,Cih,Gam,Cas,4427
190.37957,-48.95989,2.20,,Gam,Cen,61932
120.89606,-40.00315,2.21,Naos,Zet,Pup,39429
139.27257,-59.27523,2.21,Aspidiske,Iot,Car,45556
233.67192,26.71469,2.22,Alphecca,Alp,CrB,76267
136.99902,-43.43259,2.23,Suhail,Lam,Vel,44816
200.98120,54.92536,2.23,Mizar,Zet,UMa,65378
305.55710,40.25668,2.23,Sadr,Gam,Cyg,100453
10.12674,56.53733,2.24,Schedar,Alp,Cas,3179
269.15155,51.48889,2.24,Eltanin,Gam,Dra,87833
83.00168,-0.29909,2.25,Mintaka,Del,Ori,25930
2.29331,59.14978,2.28,Caph,Bet,Cas,746
204.97194,-53.46639,2.29,,Eps,Cen,66657
240.08335,-22.62171,2.29,Dschubba,Del,Sco,78401
252.54120,-34.29323,2.29,Larawag,Eps,Sco,82396
220.48235,-47.38820,2.30,,Alp,Lup,71860
218.87679,-42.15782,2.33,,Eta,Cen,71352
165.46016,56.38243,2.34,Merak,Bet,UMa,53910
221.24676,27.07422,2.35,Izar,Eps,Boo,72105
326.04650,9.87501,2.38,Enif,Eps,Peg,107315
265.62198,-39.02998,2.39,,Kap,Sco,86670
6.57084,-42.30598,2.40,Ankaa,Alp,Phe,2081
178.45752,53.69476,2.41,Phecda,Gam,UMa,58001
257.59452,-15.72491,2.43,Sabik,Eta,Oph,84012
345.94351,28.08279,2.44,Scheat,Bet,Peg,113881
111.02376,-29.30310,2.45,Aludra,Eta,CMa,35904
319.64445,62.58557,2.45,Alderamin,Alp,Cep,105199
140.52843,-55.01067,2.47,Markeb,Kap,Vel,45941
311.55267,33.97026,2.48,Aljanah,Eps,Cyg,102488
346.19022,15.20526,2.49,Markab,Alp,Peg,113963
45.56988,4.08973,2.54,Menkar,Alp,Cet,14135
249.28974,-10.56709,2.54,,Zet,Oph,81377
208.88501,-47.28838,2.55,,Zet,Cen,68002
168.52707,20.52372,2.56,Zosma,Del,Leo,54872
241.35930,-19.80545,2.56,Acrab,Bet-1,Sco,78820
83.18256,-17.82229,2.58,Arneb,Alp,Lep,25985
182.08965,-50.72243,2.58,,Del,Cen,59196
183.95155,-17.54193,2.58,Gienah,Gam,Crv,59803
285.65298,-29.88011,2.60,Ascella,Zet,Sgr,93506
229.25173,-9.38292,2.61,Zubeneschamali,Bet,Lib,74785
236.06697,6.42563,2.63,Unukalhai,Alp,Ser,77070
28.66002,20.80804,2.64,Sheratan,Bet,Ari,8903
84.91226,-34.07411,2.65,Phact,Alp,Col,26634
89.93027,37.21258,2.65,Mahasim,The,Aur,28380
188.59681,-23.39676,2.65,Kraz,Bet,Crv,61359
21.45324,60.23528,2.66,Ruchbah,Del,Cas,6686
208.67117,18.39772,2.68,Muphrid,Eta,Boo,67927
224.63305,-43.13396,2.68,,Bet,Lup,73273
74.24841,33.16609,2.69,Hassaleh,Iot,Aur,23015
161.69232,-49.42025,2.69,,Mu,Vel,52727
189.29608,-69.13556,2.69,,Alp,Mus,61585
262.69098,-37.29581,2.70,Lesath,Ups,Sco,85696
109.28566,-37.09747,2.71,,Pi,Pup,35264
275.24850,-29.82810,2.72,Kaus Media,Del,Sgr,89931
296.56491,10.61326,2.72,Tarazed,Gam,Aql,97278
243.58641,-3.69432,2.73,Yed Prior,Del,Oph,79593
245.99790,61.51421,2.73,Athebyne,Eta,Dra,80331
160.73924,-64.39445,2.74,,The,Car,52419
190.41518,-1.44938,2.74,Porrima,Gam,Vir,61941
83.85826,-5.90990,2.75,Hatysa,Iot,Ori,26241
200.14944,-36.71229,2.75,,Iot,Cen,65109
222.71965,-16.04178,2.75,Zubenelgenubi,Alp-2,Lib,72622
265.86815,4.56730,2.76,Cebalrai,Bet,Oph,86742
76.96243,-5.08645,2.78,Cursa,Bet,Eri,23875
247.55502,21.48961,2.78,Kornephoros,Bet,Her,80816
258.66190,14.39033,2.78,Rasalgethi,Alp-1,Her,84345
183.78641,-58.74893,2.79,Imai,Del,Cru,59747
262.60820,52.30139,2.79,Rastaban,Bet,Dra,85670
233.78521,-41.16676,2.80,,Gam,Lup,76297
82.06134,-20.75944,2.81,Nihal,Bet,Lep,25606
250.32170,31.60273,2.81,,Zet,Her,81693
6.41874,-77.25425,2.82,,Bet,Hyi,2021
248.97065,-28.21602,2.82,Paikauhale,Tau,Sco,81266
276.99268,-25.42170,2.82,Kaus Borealis,Lam,Sgr,90496
3.30897,15.18360,2.83,Algenib,Gam,Peg,1067
121.88606,-24.30432,2.83,Tureis,Rho,Pup,39757
238.78625,-63.43073,2.83,,Bet,TrA,77952
58.53300,31.88364,2.84,,Zet,Per,18246
261.32497,-55.52988,2.84,,Bet,Ara,85258
262.96043,-49.87615,2.84,,Alp,Ara,85792
56.87115,24.10514,2.85,Alcyone,Eta,Tau,17702
195.54417,10.95915,2.85,Vindemiatrix,Eps,Vir,63608
326.76016,-16.12729,2.85,Deneb Algedi,Del,Cap,107556
113.65241,31.89052,2.85,Castor B,Alp,Gem,
29.69177,-61.56986,2.86,,Alp,Hyi,9236
296.24361,45.13081,2.86,Fawaris,Del,Cyg,97165
95.74009,22.51359,2.87,Tejat,Mu,Gem,30343
229.72772,-68.67955,2.87,,Gam,TrA,74946
334.62556,-60.25959,2.87,,Alp,Tuc,110130
44.56535,-40.30467,2.88,Acamar,The-1,Eri,13847
287.44097,-21.02361,2.88,Albaldah,Pi,Sgr,94141
111.78768,8.28932,2.89,Gomeisa,Bet,CMi,36188
194.00710,38.31838,2.89,Cor Caroli,Alp-2,CVn,63125
239.71298,-26.11410,2.89,Fang,Pi,Sco,78265
59.46345,40.01022,2.90,,Eps,Per,18532
245.29715,-25.59280,2.90,Alniyat,Sig,Sco,80112
322.88973,-5.57117,2.90,Sadalsuud,Bet,Aqr,106278
46.19913,53.50644,2.91,,Gam,Per,14328
146.77554,-65.07201,2.92,,Ups,Car,48002
340.75056,30.22124,2.93,Matar,Eta,Peg,112158
102.48399,-50.61456,2.94,,Tau,Pup,32768
187.46608,-16.51543,2.94,Algorab,Del,Crv,60965
331.44599,-0.31985,2.95,Sadalmelik,Alp,Aqr,109074
59.50735,-13.50851,2.97,Zaurak,Gam,Eri,18543
84.41119,21.14255,2.97,Tianguan,Zet,Tau,26451
146.46282,23.77426,2.97,Ras Elased Australis,Eps,Leo,47908
271.45204,-30.42409,2.98,Alnasl,Gam-2,Sgr,88635
199.73039,-23.17151,2.99,,Gam,Hya,64962
266.89617,-40.12700,2.99,,Iot-1,Sco,87073
286.35253,13.86348,2.99,Okab,Zet,Aql,93747
32.38587,34.98730,3.00,,Bet,Tri,10064
167.41593,44.49849,3.00,,Psi,UMa,54539
230.18224,71.83402,3.00,Pherkad,Gam,UMi,75097
252.96764,-38.04738,3.00,Xamidimura,Mu-1,Sco,82514
328.48212,-37.36485,3.00,Aldhanab,Gam,Gru,108085
55.73124,47.78755,3.01,,Del,Per,17358
95.07829,-30.06337,3.02,Furud,Zet,CMa,30122
105.75614,-23.83329,3.02,,Omi-2,CMa,33977
182.53119,-22.61977,3.02,,Eps,Crv,59316
75.49223,43.82331,3.03,Almaaz,Eps,Aur,23416
191.57019,-68.10812,3.04,,Bet,Mus,62322
218.01954,38.30825,3.04,Seginus,Gam,Boo,71075
292.68034,27.95968,3.05,Albireo,Bet-1,Cyg,95947
305.25280,-14.78137,3.05,Dabih,Bet,Cap,100345
100.98303,25.13112,3.06,Mebsuta,Eps,Gem,32246
155.58232,41.49952,3.06,Tania Australis,Mu,UMa,50801
288.13837,67.66154,3.07,Altais,Del,Dra,94376
274.40690,-36.76169,3.10,,Eta,Sgr,89642
133.84845,5.94556,3.11,,Zet,Hya,43813
162.40618,-16.19365,3.11,,Nu,Hya,52943
173.94545,-63.01984,3.11,,Lam,Cen,56561
309.39174,-47.29150,3.11,,Alp,Ind,101772
87.73994,-35.76831,3.12,Wazn,Bet,Col,27628
134.80242,48.04183,3.12,Talitha,Iot,UMa,44127
254.65509,-55.99014,3.12,,Zet,Ara,83081
258.75796,24.83920,3.12,Sarin,Del,Her,84379
224.79037,-42.10419,3.13,,Kap,Cen,73334
140.26388,34.39256,3.14,,Alp,Lyn,45860
142.80557,-57.03438,3.16,,,Vel,46701
258.76182,36.80916,3.16,,Pi,Her,84380
99.44030,-43.19593,3.17,,Nu,Pup,31685
143.21572,51.67730,3.17,,The,UMa,46853
257.19672,65.71468,3.17,Aldhibah,Zet,Dra,83895
281.41410,-26.99078,3.17,,Phi,Sgr,92041
76.62870,41.23447,3.18,Haedus,Eta,Aur,23767
220.62738,-64.97514,3.18,,Alp,Cir,71908
72.46004,6.96128,3.19,Tabit,Pi-3,Ori,22449
76.36527,-22.37103,3.19,,Eps,Lep,23685
254.41708,9.37503,3.19,,Kap,Oph,83000
267.46447,-37.04330,3.19,Fuyue,,Sco,87261
318.23410,30.22692,3.21,,Zet,Cyg,104732
354.83730,77.63228,3.21,Errai,Gam,Cep,116727
230.34302,-40.64752,3.22,,Del,Lup,75141
244.58037,-4.69251,3.23,Yed Posterior,Eps,Oph,79882
275.32751,-2.89882,3.23,,Eta,Ser,89962
322.16493,70.56072,3.23,Alfirk,Bet,Cep,106032
102.04791,-61.94139,3.24,,Alp,Pic,32607
302.82619,-0.82146,3.24,,The,Aql,99473
112.30769,-43.30143,3.25,,Sig,Pup,36377
211.59289,-26.68236,3.25,,Pi,Hya,68895
226.01758,-25.28196,3.25,Brachium,Sig,Lib,73714
284.73593,32.68956,3.25,Sulafat,Gam,Lyr,93194
56.80942,-74.23896,3.26,,Gam,Hyi,17678
9.83193,30.86102,3.27,,Del,And,3092
260.50241,-24.99955,3.27,,The,Oph,84970
343.66255,-15.82082,3.27,Skat,Del,Aqr,113136
78.23292,-16.20547,3.29,,Mu,Lep,24305
153.43442,-70.03790,3.29,,Ome,Car,50099
231.23241,58.96607,3.29,Edasich,Iot,Dra,75458
68.49897,-55.04498,3.30,,Alp,Dor,21281
158.00615,-61.68533,3.30,,,Car,51576
93.71941,22.50680,3.31,Propus,Eta,Gem,29655
261.34858,-56.37773,3.31,,Gam,Ara,85267
16.52110,-46.71841,3.32,,Bet,Phe,5165
46.29405,38.84027,3.32,,Rho,Per,14354
183.85629,57.03262,3.32,Megrez,Del,UMa,59774
258.03828,-43.23919,3.32,,Eta,Sco,84143
269.75663,-9.77363,3.32,,Nu,Oph,88048
286.73505,-27.67042,3.32,,Tau,Sgr,93864
63.60606,-62.47386,3.33,,Alp,Ret,19780
168.56002,15.42957,3.33,Chertan,The,Leo,54879
117.32356,-24.85979,3.34,Azmidi,Xi,Pup,38170
28.59876,63.67010,3.35,Segin,Eps,Cas,8886
81.11924,-2.39715,3.35,,Eta,Ori,25281
101.32236,12.89559,3.35,Alzirr,Xi,Gem,32362
127.56647,60.71817,3.35,Muscida,Omi,UMa,41704
291.37458,3.11477,3.36,,Del,Aql,95501
230.67032,-44.68962,3.37,,Eps,Lup,75264
131.69380,6.41881,3.38,Ashlesha,Eps,Hya,43109
203.67330,-0.59582,3.38,Heze,Zet,Vir,66249
83.78449,9.93416,3.39,Meissa,Lam,Ori,26207
154.27080,-61.33230,3.39,,,Car,50371
193.90087,3.39747,3.39,Minelauva,Del,Vir,63090
332.71362,58.20126,3.39,,Zet,Cep,109492
67.16558,15.87088,3.40,Chamukuy,The-2,Tau,20894
257.59175,-15.72692,3.40,,,Oph,
22.09138,-43.31823,3.41,,Gam,Phe,6867
60.17007,12.49035,3.41,,Lam,Tau,18724
207.37617,-41.68771,3.41,,Nu,Cen,67464
228.07140,-52.09925,3.41,,Zet,Lup,74395
311.32216,61.83878,3.41,,Eta,Cep,102422
340.36550,10.83136,3.41,Homam,Zet,Peg,112029
28.27044,29.57883,3.42,Mothallah,Alp,Tri,8796
240.03054,-38.39671,3.42,,Eta,Lup,78384
266.61478,27.72068,3.42,,Mu,Her,86974
311.23971,-66.20321,3.42,,Bet,Pav,102395
137.74206,-58.96690,3.43,,,Car,45080
154.17257,23.41731,3.43,Adhafera,Zet,Leo,50335
286.56225,-4.88255,3.43,,Lam,Aql,93805
154.27428,42.91436,3.45,Tania Borealis,Lam,UMa,50372
12.27390,57.81519,3.46,Achird,Eta,Cas,3821
17.14746,-10.18226,3.46,,Eta,Cet,5364
119.19469,-52.98236,3.46,,Chi,Car,38827
228.87564,33.31483,3.46,,Del,Boo,74666
40.82517,3.23582,3.47,Kaffaljidhma,Gam,Cet,12706
207.40414,-42.47373,3.47,,Mu,Cen,67472
151.83313,16.76266,3.48,,Eta,Leo,49583
250.72399,38.92225,3.48,,Eta,Her,81833
26.01719,-15.93748,3.49,,Tau,Cet,8102
105.42978,-27.93483,3.49,Nganurganity,Sig,CMa,33856
169.61974,33.09431,3.49,Alula Borealis,Nu,UMa,55219
225.48654,40.39057,3.49,Nekkar,Bet,Boo,73555
276.74341,-45.96846,3.49,,Alp,Tel,90422
342.13859,-51.31686,3.49,,Eps,Gru,112623
102.46025,-32.50848,3.50,,Kap,CMa,32759
110.03074,21.98232,3.50,Wasat,Del,Gem,35550
342.42030,66.20041,3.50,,Iot,Cep,112724
299.68928,19.49215,3.51,,Gam,Sge,98337
342.50077,24.60158,3.51,Sadalbari,Mu,Peg,112748
55.81209,-9.76339,3.52,Rana,Del,Eri,17378
145.28764,9.89231,3.52,Subra,Omi,Leo,47508
149.21562,-54.56779,3.52,,Phi,Vel,48774
282.51998,33.36267,3.52,Sheliak,Bet,Lyr,92420
284.43250,-21.10665,3.52,,Xi-2,Sgr,93085
332.54994,6.19787,3.52,Biham,The,Peg,109427
190.41257,-1.44924,3.52,,Gam,Vir,
67.15414,19.18043,3.53,Ain,Eps,Tau,20889
124.12884,9.18554,3.53,Tarf,Bet,Cnc,40526
173.25057,-31.85762,3.54,,Xi,Hya,56343
237.40503,-3.43021,3.54,,Mu,Ser,77516
264.39668,-15.39856,3.54,,Xi,Ser,86263
64.47356,-33.79835,3.55,,Ups-4,Eri,20042
86.73892,-14.82195,3.55,,Zet,Lep,27288
214.85094,-46.05809,3.55,,Iot,Lup,69996
275.26104,72.73284,3.55,,Chi,Dra,89937
302.17736,-66.18207,3.55,,Del,Pav,99240
4.85698,-8.82392,3.56,,Iot,Cet,1562
34.12731,-51.51217,3.56,,Phi,Eri,10602
169.83521,-14.77854,3.56,,Del,Crt,55282
253.08394,-38.01754,3.56,Pipirima,Mu-2,Sco,82545
116.11190,24.39799,3.57,,Kap,Gem,37740
135.90641,47.15653,3.57,Alkaphrah,Kap,UMa,44471
217.95750,30.37144,3.57,,Rho,Boo,71053
230.45160,-36.26138,3.57,,Phi-1,Lup,75177
109.52325,16.54038,3.58,,Lam,Gem,35350
304.51356,-12.54485,3.58,Algedi,Alp-2,Cap,100064
24.49808,48.62821,3.59,Nembus,,And,7607
79.40163,-6.84441,3.59,,Tau,Ori,24674
86.11585,-22.44838,3.59,,Gam,Lep,27072
177.67383,1.76472,3.59,Zavijava,Bet,Vir,57757
185.34046,-60.40115,3.59,Ginan,Eps,Cru,60260
21.00585,-8.18326,3.60,,The,Cet,6537
103.19724,33.96125,3.60,,The,Gem,33018
130.07331,-52.92189,3.60,,Omi,Vel,42536
142.67511,-40.46677,3.60,,Psi,Vel,46651
234.25605,-28.13508,3.60,,Ups,Lib,76470
262.77477,-60.68385,3.60,,Del,Ara,85727
42.49594,27.26051,3.61,Bharani,,Ari,13209
51.20331,9.02887,3.61,,Omi,Tau,15900
152.64701,-12.35408,3.61,,Lam,Hya,49841
195.56638,-71.54886,3.61,,Del,Mus,63613
266.43331,-64.72387,3.61,,Eta,Pav,86929
22.87088,15.34582,3.62,Alpherg,Eta,Psc,7097
57.29060,24.05342,3.62,Atlas,,Tau,17847
116.31373,-37.96858,3.62,,,Pup,37819
253.64597,-42.36131,3.62,,Zet-2,Sco,82729
345.48025,42.32598,3.62,,Omi,And,113726
176.40212,-66.72876,3.63,,Lam,Mus,57363
309.38724,14.59509,3.64,Rotanev,Bet,Del,101769
64.94834,15.62764,3.65,Prima Hyadum,Gam,Tau,20205
142.88180,63.06186,3.65,,,UMa,46733
236.54690,15.42183,3.65,,Bet,Ser,77233
271.65780,-50.09148,3.65,,The,Ara,88714
337.20797,-0.01997,3.65,,Zet-1,Aqr,110960
231.95727,29.10570,3.66,Nusakan,Bet,CrB,75695
234.66405,-29.77775,3.66,,Tau,Lib,76600
211.09748,64.37585,3.67,Thuban,Alp,Dra,68756
313.70247,-58.45416,3.67,,Bet,Ind,103227
72.80151,5.60510,3.68,,Pi-4,Ori,22549
130.89809,-33.18639,3.68,,Alp,Pyx,42828
296.84692,18.53429,3.68,,Del,Sge,97365
347.36165,-21.17241,3.68,,,Aqr,114341
9.24282,53.89691,3.69,Fulu,Zet,Cas,2920
28.98846,-51.60890,3.69,,Chi,Eri,9007
75.61951,41.07584,3.69,Saclateni,Zet,Aur,23453
146.31176,-62.50790,3.69,,,Car,47854
176.51272,47.77941,3.69,Taiyangshou,Chi,UMa,57399
325.02272,-16.66231,3.69,Nashira,Gam,Cap,106985
49.87917,-21.75786,3.70,,Tau-4,Eri,15474
269.44116,29.24788,3.70,,Xi,Her,87933
349.29141,3.28229,3.70,,Gam,Psc,114971
73.56289,2.44067,3.71,,Pi-5,Ori,22797
89.10123,-14.16770,3.71,,Eta,Lep,28103
118.05432,-40.57579,3.71,,,Pup,38414
237.70403,4.47773,3.71,,Eps,Ser,77622
271.83744,9.56385,3.71,,,Oph,88771
298.82831,6.40676,3.71,Alshain,Bet,Aql,98036
53.23272,-9.45826,3.72,Ran,Eps,Eri,16537
56.21890,24.11334,3.72,Electra,,Tau,17499
89.88167,54.28466,3.72,,Del,Aur,28358
316.23276,43.92785,3.72,,Xi,Cyg,104060
51.79230,9.73268,3.73,,Xi,Tau,16083
221.56218,1.89288,3.73,,,Vir,72220
268.38201,56.87264,3.73,Grumium,Xi,Dra,87585
325.36879,-77.39005,3.73,,Nu,Oct,107089
343.15365,-7.57960,3.73,,Lam,Aqr,112961
27.86514,-10.33504,3.74,Baten Kaitos,Zet,Cet,8645
245.48007,19.15313,3.74,,Gam,Her,80170
318.69776,38.04532,3.74,,Tau,Cyg,104887
136.03872,-47.09774,3.75,,,Vel,44511
266.97316,2.70728,3.75,,Gam,Oph,87108
83.40631,-62.48983,3.76,,Bet,Dor,26069
87.83035,-20.87909,3.76,,Del,Lep,27654
97.20445,-7.03306,3.76,,Bet,Mon,30867
286.17075,-21.74150,3.76,,Omi,Sgr,93683
292.42647,51.72978,3.76,,Iot-2,Cyg,95853
337.82272,50.28249,3.76,,Alp,Lac,111169
42.67417,55.89550,3.77,Miram,Eta,Per,13268
56.29848,42.57855,3.77,,Nu,Per,17529
65.73370,17.54251,3.77,Secunda Hyadum,Del-1,Tau,20455
84.68653,-2.60007,3.77,,Sig,Ori,26549
126.43426,-66.13689,3.77,,Bet,Vol,41312
130.15655,-46.64874,3.77,,,Vel,42570
252.44640,-59.04138,3.77,,Eta,Ara,82363
309.90952,15.91207,3.77,Sualocin,Alp,Del,101958
321.66678,-22.41133,3.77,,Zet,Cap,105881
331.75270,25.34511,3.77,,Iot,Peg,109176
107.18682,-70.49893,3.78,,Gam-2,Vol,34481
111.43168,27.79808,3.78,,Iot,Gem,36046
147.74801,59.03874,3.78,,Ups,UMa,48319
163.37339,-58.85317,3.78,,,Car,53253
220.28730,13.72830,3.78,,Zet,Boo,71795
311.91897,-9.49578,3.78,Albali,Eps,Aqr,102618
47.37387,44.85754,3.79,Misam,Kap,Per,14668
163.32789,34.21487,3.79,Praecipua,,LMi,53229
48.01873,-28.98762,3.80,Dalim,Alp,For,14879
114.70779,-26.80384,3.80,,,Pup,37229
233.70061,10.53887,3.80,,Del,Ser,76276
289.27560,53.36846,3.80,,Kap,Cyg,94779
303.40794,46.74133,3.80,,,Cyg,99675
68.88768,-30.56234,3.81,Theemin,Ups-2,Eri,21393
156.96973,-58.73940,3.81,,,Car,51232
235.68572,26.29564,3.81,,Gam,CrB,76952
354.39084,46.45815,3.81,,Lam,And,116584
30.51176,2.76376,3.82,Alrescha,Alp,Psc,9487
139.71104,36.80260,3.82,,,Lyn,45688
172.85111,69.33108,3.82,Giausar,Lam,Dra,56211
247.72844,1.98392,3.82,Marfik,Lam,Oph,80883
264.86621,46.00633,3.82,,Iot,Her,86414
156.52263,-16.83629,3.83,,Mu,Hya,51069
209.56779,-42.10075,3.83,,Phi,Cen,68245
221.96552,-79.04475,3.83,,Alp,Aps,72370
56.04890,-64.80690,3.84,,Bet,Ret,17440
56.07972,32.28825,3.84,Atik,Omi,Per,17448
67.14372,15.96218,3.84,,The-1,Tau,20885
133.76185,-60.64461,3.84,,,Car,43783
158.20280,9.30659,3.84,,Rho,Leo,51624
159.32576,-48.22562,3.84,,,Vel,51986
188.11701,-72.13299,3.84,,Gam,Mus,61199
271.88562,28.76249,3.84,,Omi,Her,88794
273.44088,-21.05883,3.84,Polis,Mu,Sgr,89341
297.04275,70.26793,3.84,,Eps,Dra,97433
63.50044,-42.29437,3.85,,Alp,Hor,19747
86.82118,-51.06651,3.85,,Bet,Pic,27321
95.52846,-33.43640,3.85,,Del,Col,30277
153.68410,-42.12194,3.85,,,Vel,50191
188.37087,69.78824,3.85,,Kap,Dra,61281
189.42591,-48.54130,3.85,,Tau,Cen,61622
239.11323,15.66162,3.85,,Gam,Ser,78072
275.92451,21.76975,3.85,,,Her,90139
278.80177,-8.24407,3.85,,Alp,Sct,91117
14.18827,38.49934,3.86,,Mu,And,4436
69.54510,-14.30402,3.86,Sceptrum,,Eri,21594
82.80314,-35.47052,3.86,,Eps,Col,25859
243.85946,-63.68568,3.86,,Del,TrA,79664
248.36413,-78.89715,3.86,,Gam,Aps,81065
269.06325,37.25054,3.86,,The,Her,87808
335.41407,-1.38733,3.86,Sadachbia,Gam,Aqr,110395
56.45669,24.36775,3.87,Maia,,Tau,17573
131.50686,-46.04153,3.87,,,Vel,43023
209.66980,-44.80358,3.87,,Ups-1,Cen,68282
220.76510,-5.65821,3.87,,Mu,Vir,71957
239.22115,-29.21407,3.87,Iklil,Rho,Sco,78104
298.11820,1.00566,3.87,,Eta,Aql,97804
2.35254,-45.74743,3.88,,Eps,Phe,765
28.38255,19.29385,3.88,Mesarthim,Gam-2,Ari,8832
148.19097,26.00695,3.88,Rasalas,Mu,Leo,48455
227.98377,-48.73782,3.88,,Kap-1,Lup,74376
347.58960,-45.24671,3.88,,Iot,Gru,114421
44.10687,-8.89814,3.89,Azha,Eta,Eri,13701
103.53314,-24.18421,3.89,,Omi-1,CMa,33152
138.59107,2.31428,3.89,,The,Hya,45336
184.97649,-0.66680,3.89,Zaniah,Eta,Vir,60129
299.07657,35.08342,3.89,,Eta,Cyg,98110
144.96401,-1.14281,3.90,Ukdah,Iot,Hya,47431
170.25175,-54.49102,3.90,,Pi,Cen,55425
202.76108,-39.40731,3.90,,,Cen,65936
60.78909,5.98930,3.91,,Nu,Tau,18907
126.41514,-3.90642,3.91,,,Hya,41307
187.00996,-50.23063,3.91,,Sig,Cen,60823
226.27954,-47.05125,3.91,,Pi,Lup,73807
233.88157,-14.78954,3.91,Zubenelhakrabi,Gam,Lib,76333
244.93517,46.31337,3.91,,Tau,Her,79992
255.07240,30.92640,3.92,,Eps,Her,83207
290.41816,-17.84720,3.92,,Rho-1,Sgr,95168
318.95596,5.24784,3.92,Kitalpha,Alp,Equ,104987
6.55074,-43.67983,3.93,,Kap,Phe,2072
22.81276,-49.07270,3.93,,Del,Phe,7083
43.56442,52.76248,3.93,,Tau,Per,13531
69.07976,-3.35246,3.93,,Nu,Eri,21444
115.45506,-72.60610,3.93,,Zet,Vol,37504
167.14747,-58.97504,3.93,,,Car,54463
241.70178,-20.66919,3.93,,Ome-1,Sco,78933
270.16131,2.93157,3.93,,,Oph,88192
17.09613,-55.24576,3.94,Wurren,Zet,Phe,5348
115.31181,-9.55113,3.94,,Alp,Mon,37447
115.95195,-28.95483,3.94,,,Pup,37677
131.17125,18.15431,3.94,Asellus Australis,Del,Cnc,42911
314.29339,41.16714,3.94,,Nu,Cyg,103413
30.85902,72.42129,3.95,,,Cas,9598
99.17098,-19.25588,3.95,,Nu-2,CMa,31592
200.98494,54.92047,3.95,,Zet,UMa,
62.16536,47.71251,3.96,,,Per,19343
89.78667,-42.81513,3.96,,Eta,Col,28328
135.16028,41.78291,3.96,,,Lyn,44248
137.81977,-62.31698,3.96,,,Car,45101
290.65955,-44.45896,3.96,Arkab Prior,Bet-1,Sgr,95241
290.97154,-40.61594,3.96,Rukbat,Alp,Sgr,95347
303.86801,47.71421,3.96,,,Cyg,99848
350.74263,-20.10058,3.96,,,Aqr,115438
66.00920,-34.01685,3.97,Beemim,,Eri,20535
87.87249,39.14848,3.97,,Nu,Aur,27673
109.20762,-67.95715,3.97,,Del,Vol,35228
130.02560,-35.30835,3.97,,Bet,Pyx,42515
182.91303,-52.36846,3.97,,Rho,Cen,59449
237.73974,-33.62716,3.97,,Chi,Lup,77634
300.14767,-72.91050,3.97,,Eps,Pav,98495
337.31738,-43.49556,3.97,,Del-1,Gru,110997
341.63281,23.56565,3.97,,Lam,Peg,112440
59.74125,35.79103,3.98,Menkib,Xi,Per,18614
323.49525,45.59184,3.98,,Rho,Cyg,106481
30.00126,-21.07783,3.99,,Ups,Cet,9347
93.71388,-6.27478,3.99,,Gam,Mon,29651
156.09888,-74.03161,3.99,,,Car,50954
201.30620,54.98796,3.99,Alcor,,UMa,65477
349.35747,-58.23573,3.99,,Gam,Tuc,114996
135.61166,-66.39608,4.00,,Alp,Vol,44382
170.98104,10.52951,4.00,,Iot,Leo,55642
242.99889,-19.46071,4.00,Jabbah,Nu,Sco,79374
25.91512,50.68873,4.01,,Phi,Per,8068
71.37562,-3.25466,4.01,,Mu,Eri,22109
106.02721,20.57030,4.01,Mekbuda,Zet,Gem,34088
108.70274,-26.77267,4.01,,Ome,CMa,35037
220.48998,-37.79350,4.01,,,Cen,71865
240.47298,58.56525,4.01,,The,Dra,78527
244.96031,-50.15551,4.01,,Gam-2,Nor,80000
280.75890,-71.42811,4.01,,Zet,Pav,91792
307.34889,30.36856,4.01,,,Cyg,101076
132.63306,-27.70984,4.02,,Gam,Pyx,43409
182.10337,-24.72887,4.02,Alchiba,Alp,Crv,59199
284.90566,15.06830,4.02,,Eps,Aql,93244
285.42012,-5.73911,4.02,,,Aql,93429
34.32859,33.84719,4.03,,Gam,Tri,10670
75.85455,60.44224,4.03,,Bet,Cam,23522
131.67426,28.75990,4.03,,Iot,Cnc,43103
193.64850,-57.17792,4.03,,Mu-1,Cru,63003
271.36370,2.50010,4.03,,,Oph,88601
308.30320,11.30326,4.03,Aldulfin,Eps,Del,101421
359.82788,6.86332,4.03,,Ome,Psc,118268
62.96641,-6.83758,4.04,Beid,Omi-1,Eri,19587
176.46483,6.52938,4.04,,Nu,Vir,57380
216.29951,51.85074,4.04,,The,Boo,70497
338.83908,-0.11750,4.04,,Eta,Aqr,111497
47.26508,49.61328,4.05,,Iot,Per,14632
124.63054,-76.91972,4.05,,Alp,Cha,40702
131.09981,-42.64928,4.05,,,Vel,42884
170.28414,6.02932,4.05,,Sig,Leo,55434
207.36935,15.79791,4.05,,Ups,Boo,67459
215.13934,-37.88529,4.05,,Psi,Cen,70090
219.47181,-49.42583,4.05,,Rho,Lup,71536
342.39792,-13.59263,4.05,,Tau-2,Aqr,112716
74.09282,13.51447,4.06,,Omi-2,Ori,22957
113.98062,26.89574,4.06,,Ups,Gem,36962
171.22053,-17.68401,4.06,,Gam,Crt,55705
184.39375,-67.96074,4.06,,Eps,Mus,59929
184.60947,-64.00307,4.06,,Zet,Cru,60009
220.91436,-35.17365,4.06,,,Cen,72010
254.89603,-53.16044,4.06,,Eps-1,Ara,83153
214.00362,-6.00055,4.07,Syrma,Iot,Vir,69701
227.21091,-45.27986,4.07,,Lam,Lup,74117
229.37875,-58.80121,4.07,,Bet,Cir,74824
337.29275,58.41520,4.07,,Del,Cep,110991
11.83472,24.26718,4.08,,Zet,And,3693
35.43747,-68.65942,4.08,,Del,Hyi,11001
39.87066,0.32851,4.08,,Del,Cet,12387
45.59795,-23.62447,4.08,,Tau-3,Eri,14146
103.54751,-12.03863,4.08,,The,CMa,33160
143.61106,-59.22975,4.08,,,Car,46974
164.94366,-18.29878,4.08,Alkes,Alp,Crt,53740
283.83373,43.94609,4.08,,,Lyr,92862
316.48677,-17.23286,4.08,,The,Cap,104139
320.52165,19.80451,4.08,,,Peg,105502
84.22662,9.29067,4.09,,Phi-2,Ori,26366
237.18490,18.14156,4.09,Gudja,Kap,Ser,77450
24.19948,41.40546,4.10,Titawin,Ups,And,7513
41.04951,49.22845,4.10,,The,Per,12777
117.30957,-46.37320,4.10,,,Pup,38164
277.20758,-49.07059,4.10,,Zet,Tel,90568
287.50731,-39.34080,4.10,,Bet,CrA,94160
40.16671,-39.85538,4.11,,Iot,Eri,12486
105.93955,-15.63329,4.11,Muliphein,Gam,CMa,34045
129.41099,-42.98908,4.11,,,Vel,42312
147.86955,-14.84660,4.11,Zhang,Ups-1,Hya,48356
158.86749,-78.60779,4.11,,Gam,Cha,51839
176.62848,-61.17840,4.11,,,Cen,57439
234.18000,-66.31704,4.11,,Eps,TrA,76440
287.36804,-37.90447,4.11,Meridiana,Alp,CrA,94114
345.22015,-52.75414,4.11,,Zet,Gru,113638
39.89699,-68.26695,4.12,,Eps,Hyi,12394
63.72442,48.40933,4.12,,Mu,Per,19812
90.59583,9.64728,4.12,,Mu,Ori,28614
181.30226,8.73298,4.12,,Omi,Vir,58948
298.81539,-41.86829,4.12,,Iot,Sgr,98032
312.95538,-26.91913,4.12,,Ome,Cap,102978
337.43932,-43.74922,4.12,,Del-2,Gru,111043
80.98678,-7.80807,4.13,,,Ori,25247
97.24079,20.21213,4.13,,Nu,Gem,30883
238.45639,-16.72929,4.13,,The,Lib,77853
311.52390,-25.27090,4.13,,Psi,Cap,102485
341.51538,-81.38161,4.13,,Bet,Oct,112405
354.98766,5.62629,4.13,,Iot,Psc,116771
52.71823,12.93668,4.14,,,Tau,16369
56.58156,23.94836,4.14,Merope,,Tau,17608
129.41403,5.70378,4.14,,Del,Hya,42313
181.72030,-64.61373,4.14,,Eta,Cru,59072
233.23243,31.35913,4.14,,The,CrB,76127
239.39691,26.87788,4.14,,Eps,CrB,78159
326.16138,25.64504,4.14,,Kap,Peg,107354
333.99240,37.74874,4.14,,,Lac,109937
107.96609,-0.49276,4.15,,Del,Mon,34769
260.92062,37.14595,4.15,,Rho,Her,85112
355.10204,44.33393,4.15,,Kap,And,116805
91.03007,23.26334,4.16,,,Gem,28734
112.27792,31.78455,4.16,,Rho,Gem,36366
261.59256,-24.17531,4.16,,,Oph,85340
8.24995,62.93178,4.17,,Kap,Cas,2599
57.36356,-36.20025,4.17,,,Eri,17874
334.20847,-7.78329,4.17,Ancha,The,Aqr,110003
213.22393,-10.27370,4.18,Kang,Kap,Vir,69427
214.09611,46.08830,4.18,Xuange,Lam,Boo,69732
249.09363,-35.25533,4.18,,,Sco,81304
333.75816,57.04359,4.18,,Eps,Cep,109857
340.16391,-27.04362,4.18,,Eps,PsA,111954
207.36136,-34.45078,4.19,,,Cen,67457
281.41553,20.54631,4.19,,,Her,92043
82.69605,5.94814,4.20,,,Ori,25813
119.21475,-22.88012,4.20,,,Pup,38835
156.97090,36.70721,4.20,,Bet,LMi,51233
248.52576,42.43704,4.20,,Sig,Her,81126
341.67324,12.17289,4.20,,Xi,Peg,112447
343.98708,-32.53963,4.20,,Del,PsA,113246
52.26723,59.94033,4.21,,,Cam,16228
66.34233,22.29387,4.21,,Kap-1,Tau,20635
251.49238,82.03726,4.21,,Eps,UMi,82080
307.39522,62.99410,4.21,,The,Cep,101093
321.61058,-65.36620,4.21,,Gam,Pav,105858
42.64594,38.31864,4.22,,,Per,13254
56.71206,-23.24972,4.22,,Tau-6,Eri,17651
118.32567,-48.10293,4.22,,,Pup,38518
241.64811,-36.80229,4.22,,The,Lup,78918
246.75599,-18.45625,4.22,,Chi,Oph,80569
275.18932,71.33781,4.22,,Phi,Dra,89908
281.79363,-4.74787,4.22,,Bet,Sct,92175
283.05432,-62.18759,4.22,,Lam,Pav,92609
283.62618,36.89861,4.22,,Del-2,Lyr,92791
311.41565,30.71972,4.22,,,Cyg,102453
319.35398,39.39468,4.22,,Sig,Cyg,105102
348.58066,-6.04900,4.22,,Phi,Aqr,114724
5.01213,-64.87479,4.23,,Zet,Tuc,1599
115.82800,28.88351,4.23,,Sig,Gem,37629
197.96856,27.87818,4.23,,Bet,Com,64394
206.42207,-33.04372,4.23,,,Cen,67153
210.41164,1.54453,4.23,,Tau,Vir,68520
242.19243,44.93491,4.23,,Phi,Her,79101
250.77189,-77.51744,4.23,,Bet,Aps,81852
286.60457,-37.06344,4.23,,Gam,CrA,93825
325.87691,58.78005,4.23,,Mu,Cep,107259
326.69836,49.30957,4.23,,Pi-2,Cyg,107533
17.18419,86.25709,4.24,,,Cep,5372
36.74632,-47.70384,4.24,,Kap,Eri,11407
41.03063,-13.85870,4.24,,Pi,Cet,12770
184.58718,-79.31224,4.24,,Bet,Cha,60000
188.43617,41.35748,4.24,Chara,Bet,CVn,61317
247.84555,-34.70437,4.24,,,Sco,80911
265.35364,-12.87531,4.24,,Omi,Ser,86565
348.97289,-9.08774,4.24,,Psi-1,Aqr,114855
18.94056,-68.87593,4.25,,Kap,Tuc,5896
61.64602,50.35126,4.25,,Lam,Per,19167
68.91358,10.16079,4.25,,,Tau,21402
69.17262,41.26481,4.25,,,Per,21476
77.28660,-8.75408,4.25,,Lam,Eri,23972
125.70882,43.18813,4.25,Alsciaukat,,Lyn,41075
193.35910,-40.17887,4.25,,,Cen,62896
216.88137,75.69599,4.25,,,UMi,70692
326.36220,61.12081,4.25,,Nu,Cep,107418
17.37552,47.24179,4.26,,Phi,And,5434
26.34846,9.15774,4.26,Torcular,Omi,Psc,8198
49.97916,-43.06978,4.26,82 G. Eri,,Eri,15510
53.44698,-21.63288,4.26,,Tau-5,Eri,16611
64.00645,-51.48665,4.26,,Gam,Dor,19893
73.51254,66.34268,4.26,,Alp,Cam,22783
134.62176,11.85770,4.26,Acubens,Alp,Cnc,44066
264.13681,-38.63531,4.26,,,Sco,86170
270.37670,21.59578,4.26,,,Her,88267
330.94702,64.62797,4.26,Kurhah,Xi,Cep,108917
15.73587,7.89013,4.27,,Eps,Psc,4906
41.23559,10.11415,4.27,,Mu,Cet,12828
63.88358,8.89236,4.27,,Mu,Tau,19860
69.53942,12.51084,4.27,,,Tau,21589
70.56126,22.95693,4.27,,Tau,Tau,21881
196.72770,-49.90625,4.27,,Xi-2,Cen,64004
229.63345,-47.87527,4.27,,Mu,Lup,74911
290.80464,-44.79978,4.27,Arkab Posterior,Bet-2,Sgr,95294
311.66460,16.12430,4.27,,Gam-2,Del,102532
351.99207,6.37899,4.27,,The,Psc,115830
66.57691,22.81358,4.28,,Ups,Tau,20711
144.27226,81.32638,4.28,,,Dra,47193
156.78795,-31.06778,4.28,,Alp,Ant,51172
261.83863,-29.86703,4.28,,,Oph,85423
303.34932,56.56772,4.28,,,Cyg,99655
320.56164,-16.83454,4.28,,Iot,Cap,105515
332.49686,33.17822,4.28,,Pi-2,Peg,109410
346.71975,-43.52036,4.28,,The,Gru,114131
54.21827,0.40166,4.29,,,Tau,16852
79.89386,-13.17679,4.29,,Lam,Lep,24845
159.82668,-55.60327,4.29,,,Vel,52154
178.22719,-33.90812,4.29,,Bet,Hya,57936
236.01449,77.79449,4.29,,Zet,UMi,77055
247.78486,-16.61273,4.29,,Phi,Oph,80894
331.60929,-13.86968,4.29,,Iot,Aqr,109139
337.87635,-32.34607,4.29,,Bet,PsA,111188
354.53415,43.26807,4.29,,Iot,And,116631
14.65149,-29.35745,4.30,,Alp,Scl,4577
37.03975,8.46005,4.30,,Xi-2,Cet,11484
56.30205,24.46728,4.30,Taygeta,,Tau,17531
57.14945,-37.62015,4.30,,,Eri,17797
66.37242,17.92791,4.30,,Del-3,Tau,20648
89.98375,45.93674,4.30,,Pi,Aur,28404
130.80615,3.39866,4.30,,Eta,Hya,42799
163.90335,24.74972,4.30,,,Leo,53417
174.23721,-0.82375,4.30,,Ups,Leo,56647
177.42115,-63.78848,4.30,,,Cen,57669
188.01765,-16.19601,4.30,,Eta,Crv,61174
215.08145,-56.38650,4.30,,,Cen,70069
304.41195,-12.50821,4.30,,Alp-1,Cap,100027
130.15429,-59.76100,4.31,,,Car,42568
216.73201,-83.66788,4.31,,Del,Oct,70638
231.12271,37.37717,4.31,Alkalurops,Mu-1,Boo,75411
241.85136,-20.86876,4.31,,Ome-2,Sco,78990
309.58451,-1.10512,4.31,,,Aql,101847
54.12239,48.19263,4.32,,Psi,Per,16826
70.11047,-19.67149,4.32,,,Eri,21763
83.05313,18.59423,4.32,,,Tau,25945
93.84456,29.49808,4.32,,Kap,Aur,29696
131.59390,-13.54772,4.32,,,Hya,43067
142.93013,22.96797,4.32,Alterf,Lam,Leo,46750
180.75671,-63.31293,4.32,,The-1,Cru,58758
197.49703,17.52943,4.32,Diadem,Alp,Com,64241
207.95668,-32.99409,4.32,,,Cen,67669
222.90962,-43.57536,4.32,,Omi,Lup,72683
260.20692,-12.84688,4.32,,Nu,Ser,84880
112.04081,8.92553,4.33,,Gam,CMi,36284
193.27887,-48.94331,4.33,,,Cen,62867
216.54504,-45.37928,4.33,,Tau-2,Lup,70576
258.83754,-26.60283,4.33,Guniibuu,,Oph,84405
272.14500,-63.66855,4.33,,Pi,Pav,88866
274.96546,36.06455,4.33,,Kap,Lyr,89826
169.54677,31.52878,4.33,Alula Australis,Xi,UMa,
9.22020,33.71934,4.34,,Pi,And,2912
9.63903,29.31175,4.34,,Eps,And,3031
17.77526,55.14990,4.34,,The,Cas,5542
86.19334,-65.73553,4.34,,Del,Dor,27100
97.96403,-23.41842,4.34,,Xi-1,CMa,31125
125.16173,-77.48448,4.34,,The,Cha,40888
139.05036,-57.54147,4.34,,,Car,45496
144.20658,-49.35503,4.34,,,Vel,47175
210.43122,-45.60342,4.34,,Ups-2,Cen,68523
234.51348,-42.56735,4.34,,Ome,Lup,76552
261.62867,4.14036,4.34,,Sig,Oph,85355
281.19313,37.60511,4.34,,Zet-1,Lyr,91971
281.75529,18.18152,4.34,,,Her,92161
326.12790,17.35002,4.34,,,Peg,107348
337.38260,47.70689,4.34,,,Lac,111022
47.90733,19.72668,4.35,Botein,Del,Ari,14838
72.65301,8.90018,4.35,,Pi-2,Ori,22509
98.74410,-52.97561,4.35,,,Car,31407
104.31918,58.42276,4.35,,,Lyn,33449
121.98260,-68.61706,4.35,,Eps,Vol,39794
132.10821,5.83781,4.35,,Rho,Hya,43234
186.73449,28.26842,4.35,,Gam,Com,60742
229.45767,-30.14867,4.35,,,Lup,74857
263.05377,86.58646,4.35,Yildun,Del,UMi,85822
275.80676,-61.49390,4.35,,Xi,Pav,90098
289.09206,38.13373,4.35,,The,Lyr,94713
326.23669,-33.02578,4.35,,Iot,PsA,107380
7.88588,-62.95822,4.36,,Bet-1,Tuc,2484
10.83850,-57.46306,4.36,,Eta,Phe,3405
33.24997,8.84672,4.36,,Xi-1,Cet,10324
52.64368,47.99522,4.36,,Sig,Per,16335
61.17379,22.08193,4.36,,,Tau,19038
73.22362,-5.45270,4.36,,Ome,Eri,22701
78.30783,-12.94129,4.36,,Kap,Lep,24327
89.38421,-35.28328,4.36,,Gam,Col,28199
104.03427,-17.05424,4.36,,Iot,CMa,33347
122.14854,-2.98379,4.36,,Zet,Mon,39863
211.51155,-41.17963,4.36,,Chi,Cen,68862
294.18033,-1.28660,4.36,,Iot,Aql,96468
0.49008,-6.01407,4.37,,,Psc,154
94.13807,-35.14052,4.37,,Kap,Col,29807
109.67703,-24.95437,4.37,,Tau,CMa,35415
165.03858,-42.22586,4.37,,,Vel,53773
272.18955,20.81456,4.37,,,Her,88886
299.93408,-35.27631,4.37,,The-1,Sgr,98412
197.48747,-5.53901,4.38,,The,Vir,64238
302.22217,77.71142,4.38,,Kap,Cep,99255
351.51162,-20.64201,4.38,,,Aqr,115669
353.24268,-37.81827,4.38,,Bet,Scl,116231
28.41153,-46.30267,4.39,,Psi,Phe,8837
57.38036,65.52597,4.39,,,Cam,17884
83.70516,9.48958,4.39,,Phi-1,Ori,26176
88.59579,20.27617,4.39,,Chi-1,Ori,27913
95.94203,4.59286,4.39,,Eps,Mon,30419
120.56640,2.33457,4.39,,,CMi,39311
151.97613,9.99751,4.39,,,Leo,49637
225.72516,2.09130,4.39,,,Vir,73620
253.50196,10.16536,4.39,,Iot,Oph,82673
260.25151,-21.11293,4.39,,Xi,Oph,84893
295.02413,18.01389,4.39,Sham,Alp,Sge,96757
295.26225,17.47604,4.39,,Bet,Sge,96837
319.96644,-53.44943,4.39,,The,Ind,105319
14.30167,23.41765,4.40,,Eta,And,4463
117.02154,-25.93717,4.40,,Omi,Pup,38070
122.25682,-19.24501,4.40,,,Pup,39906
284.23765,-67.23350,4.40,,Kap,Pav,93015
329.47940,-54.99258,4.40,,Del,Ind,108431
102.46381,-53.62245,4.41,,,Car,32761
107.78489,30.24516,4.41,,Tau,Gem,34693
215.75934,-39.51182,4.41,,,Cen,70300
262.68462,26.11065,4.41,Maasym,Lam,Her,85693
269.62562,30.18928,4.41,,Nu,Her,87998
319.47948,34.89690,4.41,,Ups,Cyg,105138
346.97435,75.38750,4.41,,Pi,Cep,114222
349.47590,-9.18251,4.41,,Psi-2,Aqr,115033
349.70599,-32.53203,4.41,,Gam,Scl,115102
91.89302,14.76847,4.42,,Nu,Ori,29038
99.47259,-18.23748,4.42,,Nu-3,CMa,31700
108.38455,-44.63974,4.42,,,Pup,34922
108.56338,-26.35251,4.42,,,CMa,34981
123.51214,-40.34789,4.42,,,Pup,40326
165.58240,20.17984,4.42,,,Leo,53954
222.57220,-27.96037,4.42,,,Hya,72571
236.61090,7.35307,4.42,,Lam,Ser,77257
270.43833,1.30508,4.42,,,Oph,88290
335.89013,52.22905,4.42,,Bet,Lac,110538
351.34490,23.40410,4.42,Alkarab,Ups,Peg,115623
56.53556,-12.10159,4.43,,Pi,Eri,17593
63.81806,-7.65287,4.43,Keid,Omi-2,Eri,19849
74.32170,53.75210,4.43,,,Cam,23040
288.43953,39.14597,4.43,Aladfar,Eta,Lyr,94481
300.66448,-27.70985,4.43,,,Sgr,98688
305.96506,32.19017,4.43,,,Cyg,100587
310.86473,15.07458,4.43,,Del,Del,102281
311.93432,-5.02770,4.43,,,Aqr,102624
3.66007,-18.93287,4.44,,,Cet,1170
12.17060,7.58508,4.44,,Del,Psc,3786
64.12107,-59.30216,4.44,,Eps,Ret,19921
70.14059,-41.86375,4.44,,Alp,Cae,21770
94.90578,59.01096,4.44,,,Lyn,30060
113.51327,-22.29607,4.44,,,Pup,36795
122.83956,-39.61854,4.44,,,Pup,40091
124.63887,-36.65929,4.44,,,Pup,40706
218.15443,-50.45716,4.44,,Sig,Lup,71121
292.17640,24.66491,4.44,Anser,Alp,Vul,95771
25.35789,5.48761,4.45,,Nu,Psc,7884
42.27254,-32.40590,4.45,,Bet,For,13147
78.07460,-11.86922,4.45,,Iot,Lep,24244
92.98498,14.20876,4.45,,Xi,Ori,29426
129.68932,3.34144,4.45,Minchir,Sig,Hya,42402
135.02257,-41.25361,4.45,,,Vel,44191
158.89710,-57.55764,4.45,,,Car,51849
161.44630,-80.54019,4.45,,Del-2,Cha,52633
169.16542,-3.65160,4.45,,Phi,Leo,55084
248.03417,-21.46639,4.45,,Ome,Oph,80975
288.88844,73.35547,4.45,,Tau,Dra,94648
293.52229,7.37894,4.45,,Mu,Aql,96229
37.26655,67.40247,4.46,,Iot,Cas,11569
58.57293,-2.95473,4.46,,,Eri,18255
78.32285,2.86126,4.46,,Rho,Ori,24331
137.21794,51.60465,4.46,,,UMa,44901
167.91453,-22.82585,4.46,,Bet,Crt,54682
182.02182,-50.66128,4.46,,,Cen,59173
246.79601,-47.55479,4.46,,Eps,Nor,80582
343.13140,-32.87550,4.46,,Gam,PsA,112948
41.27573,-18.57256,4.47,,Tau-1,Eri,12843
50.08484,29.04846,4.47,,,Ari,15549
74.63709,1.71402,4.47,,Pi-6,Ori,23123
97.04254,-32.58007,4.47,,Lam,CMa,30788
98.22594,7.33296,4.47,,,Mon,31216
119.56017,-49.24491,4.47,,,Pup,38957
136.28678,-72.60271,4.47,,,Car,44599
141.16359,26.18232,4.47,,Kap,Leo,46146
143.70607,52.05148,4.47,,,UMa,47006
177.78628,-45.17347,4.47,,,Cen,57803
218.67000,29.74513,4.47,,Sig,Boo,71284
224.29583,-4.34646,4.47,,,Lib,73165
318.62006,10.00698,4.47,,Del,Equ,104858
331.52871,-39.54335,4.47,,Lam,Gru,109111
11.18130,48.28436,4.48,,Omi,Cas,3504
60.22419,-62.15928,4.48,,Gam,Ret,18744
66.58641,15.61826,4.48,,,Tau,20713
101.96520,2.41216,4.48,,,Mon,32578
151.98450,-0.37164,4.48,,Alp,Sex,49641
230.84438,-59.32079,4.48,,Gam,Cir,75323
246.02577,-20.03733,4.48,,Psi,Oph,80343
345.96922,3.82004,4.48,Fumalsamakah,Bet,Psc,113889
346.67017,-23.74311,4.48,,,Aqr,114119
30.48966,70.90702,4.49,,,Cas,9480
68.37735,-29.76649,4.49,,Ups-1,Eri,21248
100.99706,13.22802,4.49,,,Gem,32249
108.14025,-46.75930,4.49,,,Pup,34834
118.16103,-38.86281,4.49,,,Pup,38455
151.85731,35.24469,4.49,,,LMi,49593
220.18152,16.41832,4.49,,Pi-1,Boo,71762
294.11058,50.22110,4.49,,The,Cyg,96441
316.78196,-25.00585,4.49,,,Cap,104234
326.03565,28.74263,4.49,,Mu-1,Cyg,107310
355.51168,1.78004,4.49,,Lam,Psc,116928
355.68059,-14.54490,4.49,,Ome-2,Aqr,116971
359.97891,-65.57713,4.49,,Eps,Tuc,118322
84.79644,4.12147,4.50,,Ome,Ori,26594
87.45677,-56.16666,4.50,,Gam,Pic,27530
131.67730,-56.76978,4.50,,,Car,43105
155.22835,-56.04322,4.50,,,Vel,50676
176.99643,20.21893,4.50,,,Leo,57565
206.81565,17.45691,4.50,,Tau,Boo,67275
303.94224,27.81424,4.50,,,Vul,99874
317.39853,-11.37169,4.50,,Nu,Aqr,104459
322.18081,-21.80718,4.50,,,Cap,106039
332.09583,-32.98847,4.50,,Mu,PsA,109285
333.46968,39.71493,4.50,,,Lac,109754
340.12849,44.27631,4.50,,,Lac,111944
4.58195,36.78522,4.51,,Sig,And,1473
17.91513,30.08964,4.51,,Tau,Psc,5586
87.29350,39.18107,4.51,,Tau,Aur,27483
142.31134,-35.95134,4.51,,Eps,Ant,46515
144.83758,-61.32806,4.51,,,Car,47391
235.38774,19.67040,4.51,,Iot,Ser,76852
300.70440,67.87356,4.51,,Rho,Dra,98702
311.00949,-51.92097,4.51,,Eta,Ind,102333
324.27012,-19.46601,4.51,,Eps,Cap,106723
336.83297,-64.96635,4.51,,Del,Tuc,110838
358.59597,57.49938,4.51,,Rho,Cas,117863
41.97720,29.24712,4.52,Lilii Borea,,Ari,13061
200.65817,-60.98839,4.52,,,Cen,65271
201.00192,-64.53567,4.52,,,Cen,65387
214.77747,-13.37110,4.52,Khambalia,Lam,Vir,69974
226.11147,26.94765,4.52,,Psi,Boo,73745
272.80735,-45.95442,4.52,,Eps,Tel,89112
290.43176,-15.95502,4.52,,Ups,Sgr,95176
311.33817,57.57973,4.52,,,Cep,102431
322.48705,23.63884,4.52,,,Peg,106140
337.62192,43.12338,4.52,,,Lac,111104
7.88919,-62.96556,4.53,,Bet-2,Tuc,2487
12.45351,41.07891,4.53,,Nu,And,3881
90.01395,-3.07425,4.53,,,Ori,28413
114.34213,-34.96853,4.53,,,Pup,37096
213.37077,51.78997,4.53,,Kap-2,Boo,69483
261.65784,-5.08660,4.53,,,Oph,85365
266.89011,-27.83079,4.53,,,Sgr,87072
311.85224,36.49072,4.53,,Lam,Cyg,102589
348.13740,49.40621,4.53,,,And,114570
79.54402,33.37161,4.54,,,Aur,24727
98.76411,-22.96479,4.54,,Xi-2,CMa,31416
142.99554,-1.18466,4.54,,Tau-2,Hya,46776
143.55576,36.39756,4.54,,,LMi,46952
143.62054,69.83034,4.54,,,UMa,46977
222.84740,19.10046,4.54,,Xi,Boo,72659
228.05538,-19.79171,4.54,,Iot-1,Lib,74392
230.78896,-36.85849,4.54,,Phi-2,Lup,75304
299.23680,-27.16990,4.54,,,Sgr,98162
346.75108,9.40949,4.54,,,Peg,114144
352.28872,12.76055,4.54,,,Peg,115919
0.93495,-17.33599,4.55,,,Cet,301
52.47810,58.87875,4.55,,,Cam,16281
76.10160,-35.48298,4.55,,Gam-1,Cae,23595
105.01622,76.97741,4.55,,,Cam,33694
112.44909,12.00656,4.55,,,CMi,36425
148.02649,54.06433,4.55,,Phi,UMa,48402
233.97189,-44.95839,4.55,,,Lup,76371
245.15908,-24.16932,4.55,,Omi,Sco,80079
272.02074,-28.45709,4.55,,,Sgr,88839
325.47978,71.31142,4.55,,,Cep,107119
335.25642,46.53657,4.55,,,Lac,110351
336.12913,49.47639,4.55,,,Lac,110609
42.87849,35.05974,4.56,,,Per,13328
59.68642,-61.40019,4.56,,Del,Ret,18597
88.33185,27.61226,4.56,,,Tau,27830
136.63237,38.45222,4.56,,,Lyn,44700
168.80095,23.09550,4.56,,,Leo,54951
216.53429,-45.22142,4.56,,Tau-1,Lup,70574
263.91498,-46.50568,4.56,,Sig,Ara,86092
313.03202,27.09698,4.56,,,Vul,103004
316.65039,47.64840,4.56,,,Cyg,104194
54.27366,-40.27455,4.57,,,Eri,16870
246.35397,14.03327,4.57,Cujam,Ome,Her,80463
246.39633,-23.44718,4.57,,Rho,Oph,80473
265.48467,72.14884,4.57,Dziban,Psi-1,Dra,86614
283.68702,22.64508,4.57,,,Her,92818
287.08734,-40.49670,4.57,,Del,CrA,94005
298.36539,24.07961,4.57,,,Vul,97886
83.84652,-4.83836,4.58,,,Ori,26237
147.91947,-46.54762,4.58,,,Vel,48374
160.88458,-60.56662,4.58,,,Car,52468
198.07338,-59.92058,4.58,,,Cen,64425
207.85808,64.72327,4.58,,,Dra,67627
243.07585,-27.92637,4.58,,,Sco,79404
264.46131,-8.11877,4.58,,Mu,Oph,86284
350.15934,23.74034,4.58,Salm,Tau,Peg,115250
10.33149,-46.08501,4.59,,Mu,Phe,3245
55.70862,-37.31352,4.59,,,Eri,17351
57.58953,71.33227,4.59,,Gam,Cam,17959
81.70929,3.09567,4.59,,Psi-2,Ori,25473
130.05360,64.32794,4.59,,Pi-2,UMa,42527
142.28707,-2.76896,4.59,,Tau-1,Hya,46509
154.90315,-55.02931,4.59,,,Vel,50555
168.15008,-60.31762,4.59,,,Car,54751
237.39855,26.06839,4.59,,Del,CrB,77512
238.40300,-25.32714,4.59,,,Sco,77840
281.09492,39.61272,4.59,,Eps-2,Lyr,91926
294.17679,-24.88362,4.59,,,Sgr,96465
357.23140,-28.13027,4.59,,Del,Scl,117452
64.56084,50.29550,4.60,,,Per,20070
151.28112,-13.06463,4.60,,Ups-2,Hya,49402
164.17934,-37.13777,4.60,,Iot,Ant,53502
221.31025,16.96428,4.60,,Omi,Boo,72125
231.33428,-38.73362,4.60,,,Lup,75501
238.16854,42.45152,4.60,,Chi,Her,77760
290.16701,65.71453,4.60,,Pi,Dra,95081
1.33392,-5.70762,4.61,,,Psc,443
4.27294,38.68164,4.61,,The,And,1366
28.38896,3.18754,4.61,,Xi,Psc,8833
47.82244,39.61158,4.61,,Ome,Per,14817
111.67855,49.21153,4.61,,,Lyn,36145
119.96688,-18.39923,4.61,,,Pup,39095
233.54457,-10.06453,4.61,,,Lib,76219
308.47578,35.25085,4.61,,,Cyg,101474
14.16648,59.18106,4.62,Castula,Ups-2,Cas,4422
59.98118,-24.01621,4.62,,Tau-9,Eri,18673
75.77394,21.58996,4.62,,Iot,Tau,23497
82.98274,-7.30154,4.62,,Ups,Ori,25923
137.01200,-25.85854,4.62,,Kap,Pyx,44824
166.25429,7.33601,4.62,,Chi,Leo,54182
166.63522,-62.42411,4.62,,,Car,54301
173.69033,-54.26409,4.62,,,Cen,56480
191.59472,-56.48882,4.62,,,Cru,62327
193.66333,-59.14670,4.62,,Lam,Cru,63007
246.95077,-8.37173,4.62,,Ups,Oph,80628
270.12087,-3.69027,4.62,,Zet,Ser,88175
278.37574,-42.31251,4.62,,The,CrA,90982
284.05492,4.20359,4.62,Alya,The-1,Ser,92946
44.80302,21.34043,4.63,,Eps,Ari,13914
115.88495,-28.41089,4.63,,,Pup,37648
118.26516,-49.61304,4.63,,,Pup,38500
130.91823,-7.23373,4.63,,,Hya,42835
138.93783,-37.41314,4.63,,,Vel,45448
189.96891,-39.98730,4.63,,,Cen,61789
205.18451,54.68163,4.63,,,UMa,66738
224.39614,65.93246,4.63,,,UMi,73199
237.74478,-25.75129,4.63,,,Sco,77635
240.88397,-57.77506,4.63,,Iot-1,Nor,78662
277.84344,-62.27830,4.63,,Nu,Pav,90797
282.80022,59.38835,4.63,,Omi,Dra,92512
359.43971,25.14140,4.63,,Psi,Peg,118131
58.42793,-24.61223,4.64,,Tau-8,Eri,18216
73.72386,10.15083,4.64,,Pi-1,Ori,22845
90.97993,20.13845,4.64,,Chi-2,Ori,28716
206.66406,-51.43277,4.64,,,Cen,67234
234.84449,36.63581,4.64,,Zet-1,CrB,76669
235.29757,-44.66121,4.64,,,Lup,76829
252.45845,-10.78300,4.64,,,Oph,82369
259.41775,37.29150,4.64,,,Her,84606
271.82650,8.73387,4.64,,,Oph,88765
291.62954,0.33857,4.64,,Nu,Aql,95585
308.82723,14.67421,4.64,,Zet,Del,101589
339.34348,51.54512,4.64,,,Lac,111674
346.04553,50.05209,4.64,,,And,113919
40.86297,27.70715,4.65,,,Ari,12719
68.46214,14.84442,4.65,,Rho,Tau,21273
76.14229,15.40410,4.65,,,Ori,23607
88.52487,-63.08963,4.65,,,Dor,27890
109.57665,-36.73396,4.65,,,Pup,35363
112.67751,-30.96228,4.65,,,Pup,36514
113.84541,-28.36932,4.65,,,Pup,36917
156.85197,-57.63880,4.65,,,Car,51192
180.21829,6.61432,4.65,,Pi,Vir,58590
240.80368,-49.22969,4.65,,Eta,Nor,78639
142.67646,-40.46562,4.65,,,Vel,
17.86341,21.03465,4.66,,Chi,Psc,5571
27.39627,-10.68641,4.66,,Chi,Cet,8497
100.24441,9.89575,4.66,,,Mon,31978
103.90596,-20.13650,4.66,,Pi,CMa,33302
109.14580,-27.88118,4.66,,,CMa,35205
130.82147,21.46850,4.66,Asellus Borealis,Gam,Cnc,42806
136.40991,-70.53850,4.66,,,Car,44626
163.49472,43.18996,4.66,,Ome,UMa,53295
189.81153,-7.99556,4.66,,Chi,Vir,61740
190.64787,-48.81311,4.66,,,Cen,62012
234.94158,-34.41193,4.66,,Psi-1,Lup,76705
271.25511,-29.58009,4.66,,Gam-1,Sgr,88567
274.51329,-27.04264,4.66,,,Sgr,89678
275.91494,-8.93438,4.66,,Zet,Sct,90135
300.27519,27.75357,4.66,,,Vul,98543
18.43728,24.58371,4.67,,Phi,Psc,5742
52.34184,49.50895,4.67,,,Per,16244
63.72214,40.48367,4.67,,,Per,19811
69.81874,15.91798,4.67,,Sig-2,Tau,21683
91.53885,-14.93525,4.67,,The,Lep,28910
123.05303,17.64777,4.67,Tegmine,Zet-2,Cnc,40167
137.72912,63.51363,4.67,,Tau,UMa,45075
270.01423,16.75092,4.67,,,Her,88128
277.29939,-14.56581,4.67,,Gam,Sct,90595
281.08476,39.67012,4.67,,Eps-1,Lyr,91919
293.08723,69.66118,4.67,Alsafi,Sig,Dra,96100
315.32275,-32.25777,4.67,,Gam,Mic,103738
23.48292,59.23204,4.68,,Chi,Cas,7294
28.73358,-67.64730,4.68,,Eta-2,Hyi,8928
31.12266,-29.29682,4.68,,Nu,For,9677
44.69028,39.66273,4.68,,Pi,Per,13879
134.08029,-52.72348,4.68,,,Vel,43878
144.61369,4.64929,4.68,,,Hya,47310
150.05336,8.04422,4.68,,Pi,Leo,49029
159.68005,31.97624,4.68,,,LMi,52098
202.99119,-6.25582,4.68,,,Vir,66006
203.61375,49.01597,4.68,,,CVn,66234
245.08678,-78.69575,4.68,,Del-1,Aps,80047
294.84419,30.15332,4.68,,Phi,Cyg,96683
324.43796,-7.85420,4.68,Bunda,Xi,Aqr,106786
340.89681,-18.83038,4.68,,,Aqr,112211
66.65156,14.71378,4.69,,Pi,Tau,20732
79.78493,40.09905,4.69,,Lam,Aur,24813
114.57519,-25.36480,4.69,,,Pup,37173
117.08412,-47.07772,4.69,,,Pup,38089
120.30557,-1.39261,4.69,,,Mon,39211
159.68751,-59.18300,4.69,,,Car,52102
191.40825,-60.98132,4.69,,Iot,Cru,62268
325.52360,51.18962,4.69,Azelfafage,Pi-1,Cyg,107136
330.83229,-56.78598,4.69,,Eps,Ind,108870
353.76898,-42.61507,4.69,,Iot,Phe,116389
80.11217,-21.23976,4.70,,,Lep,24927
174.17047,-9.80225,4.70,,The,Crt,56633
175.05331,-34.74466,4.70,,Omi,Hya,56922
253.49886,-42.36203,4.70,,Zet-1,Sco,82671
280.56844,-9.05255,4.70,,Del,Sct,91726
298.95977,-26.29951,4.70,Terebellum,Ome,Sgr,98066
317.58541,10.13158,4.70,,Gam,Equ,104521
343.60183,84.34618,4.70,,,Cep,113116
353.31927,-20.91450,4.70,,,Aqr,116247
44.92875,8.90737,4.71,,Lam,Cet,13954
52.34337,-62.93753,4.71,,Kap,Ret,16245
73.13317,14.25064,4.71,,Omi-1,Ori,22667
76.37780,-57.47270,4.71,,Zet,Dor,23693
82.43325,-1.09224,4.71,,,Ori,25737
83.18197,32.19202,4.71,,Chi,Aur,25984
140.37330,-25.96544,4.71,,The,Pyx,45902
140.80109,-28.83387,4.71,,Lam,Pyx,46026
176.19073,-18.35067,4.71,,Zet,Crt,57283
196.56963,-48.46329,4.71,,,Cen,63945
209.41213,-63.68670,4.71,,,Cen,68191
298.56201,8.46145,4.71,Libertas,Xi,Aql,97938
319.48449,-32.17254,4.71,,Eps,Mic,105140
347.47873,-22.45761,4.71,,,Aqr,114375
21.48312,68.13001,4.72,,Psi,Cas,6692
80.44062,-0.38246,4.72,,,Ori,25044
87.76013,37.30557,4.72,,Ups,Aur,27639
92.57463,-54.96865,4.72,,Del,Pic,29276
122.81795,-12.92700,4.72,,,Pup,40084
141.82665,-22.34378,4.72,,,Hya,46371
156.47843,33.79612,4.72,,,LMi,51056
157.58371,-71.99279,4.72,,,Car,51438
158.30797,40.42556,4.72,,,UMa,51658
181.08012,-63.16571,4.72,,The-2,Cru,58867
185.17929,17.79287,4.72,,,Com,60202
199.38568,40.57261,4.72,,,CVn,64844
240.69951,46.03670,4.72,,Ups,Her,78592
259.15285,-0.44530,4.72,,,Oph,84514
325.66459,-18.86632,4.72,,Kap,Cap,107188
36.40590,50.27863,4.73,,,And,11313
103.66098,13.17783,4.73,,,Gem,33202
122.85789,-42.98728,4.73,,,Pup,40096
165.45697,-2.48459,4.73,,,Leo,53907
241.62264,-45.17318,4.73,,Del,Nor,78914
242.24294,36.49094,4.73,,Tau,CrB,79119
313.16348,-8.98332,4.73,,Mu,Aqr,103045
7.94308,54.52229,4.74,,Lam,Cas,2505
19.86665,27.26406,4.74,,Ups,Psc,6193
38.02179,-15.24468,4.74,,Sig,Cet,11783
39.94989,-42.89167,4.74,,,Eri,12413
49.99694,65.65229,4.74,,,Cam,15520
52.65441,-5.07515,4.74,,,Eri,16341
122.25320,-61.30243,4.74,,,Car,39903
130.30473,-47.31712,4.74,,,Vel,42624
135.63630,67.62962,4.74,,Rho,UMa,44390
199.60145,-18.31120,4.74,,,Vir,64924
212.47863,-53.43895,4.74,,,Cen,69191
237.81630,20.97792,4.74,,Rho,Ser,77661
269.94815,-23.81613,4.74,,,Sgr,88116
285.77860,-42.09510,4.74,,Zet,CrA,93542
292.94301,34.45297,4.74,,,Cyg,96052
314.95647,47.52095,4.74,,,Cyg,103632
330.82851,-2.15536,4.74,,Omi,Aqr,108874
354.46240,-45.49235,4.74,,,Phe,116602
108.65892,-48.27193,4.75,,,Pup,35020
177.06045,-66.81491,4.75,,Mu,Mus,57581
208.30226,-31.92761,4.75,,,Cen,67786
214.04158,51.36723,4.75,,Iot,Boo,69713
235.48667,-19.67883,4.75,,Kap,Lib,76880
235.67092,-34.71041,4.75,,Psi-2,Lup,76945
308.89504,-60.58175,4.75,,Phi-1,Pav,101612
349.65600,68.11145,4.75,,Omi,Cep,115088
7.85391,-48.80351,4.76,,Lam-1,Phe,2472
42.61883,-75.06695,4.76,,Nu,Hyi,13244
42.75968,-21.00402,4.76,Angetenar,Tau-2,Eri,13288
88.11017,1.85513,4.76,,,Ori,27750
94.71157,69.31979,4.76,,,Cam,29997
119.41711,-30.33457,4.76,,,Pup,38901
145.32087,-23.59151,4.76,,,Hya,47522
160.55889,-64.46643,4.76,,,Car,52370
169.78296,38.18556,4.76,,,UMa,55266
186.00621,51.56226,4.76,,,CVn,60485
194.73102,17.40945,4.76,,,Com,63355
201.86319,-15.97358,4.76,,,Vir,65639
207.94782,34.44424,4.76,,,CVn,67665
215.65456,-58.45912,4.76,,,Cen,70264
260.49796,-67.77067,4.76,,Zet,Aps,84969
265.09914,-49.41559,4.76,,Lam,Ara,86486
289.05433,21.39043,4.76,,,Vul,94703
324.48011,62.08194,4.76,,,Cep,106801
346.77808,25.46826,4.76,,,Peg,114155
11.04750,-10.60955,4.77,,Phi-1,Cet,3455
46.38507,56.70572,4.77,,,Per,14382
84.72119,-7.21283,4.77,,,Ori,26563
101.83263,8.03725,4.77,,,Mon,32533
139.94326,-11.97485,4.77,,,Hya,45751
172.57872,-3.00350,4.77,,,Leo,56127
193.58819,-9.53899,4.77,,Psi,Vir,62985
264.23789,68.75797,4.77,,Ome,Dra,86201
270.77050,-8.18035,4.77,,Tau,Oph,88404
278.14384,57.04560,4.77,,,Dra,90905
300.88936,-37.94070,4.77,,,Sgr,98761
304.44667,38.03293,4.77,,,Cyg,100044
305.16589,-12.75908,4.77,Alshat,Nu,Cap,100310
307.21506,-17.81369,4.77,,Rho,Cap,101027
341.87067,83.15383,4.77,,,Cep,112519
0.39924,-77.06572,4.78,,The,Oct,122
13.25206,-1.14426,4.78,,,Cet,4147
32.12181,37.85908,4.78,,,And,9977
56.50971,63.34505,4.78,,,Cam,17587
67.64013,16.19401,4.78,,,Tau,21029
74.98224,-12.53742,4.78,,,Eri,23231
83.76117,-6.00203,4.78,,,Ori,26199
122.11444,51.50667,4.78,,,Lyn,39847
123.37299,-35.89952,4.78,,,Pup,40274
146.05041,-27.76947,4.78,,The,Ant,47758
154.93407,19.47091,4.78,,,Leo,50564
185.62631,25.84616,4.78,,,Com,60351
199.40118,5.46987,4.78,,Sig,Vir,64852
215.17739,-45.18706,4.78,,,Lup,70104
215.77413,-27.75402,4.78,,,Hya,70306
262.85397,-23.96264,4.78,,,Oph,85755
267.54630,-40.09043,4.78,,Iot-2,Sco,87294
281.36197,-64.87126,4.78,,,Pav,92024
335.33058,28.33053,4.78,,,Peg,110371
336.96468,4.69566,4.78,,,Peg,110882
3.65067,20.20670,4.79,,Chi,Peg,1168
29.48217,23.59606,4.79,,Lam,Ari,9153
73.15827,36.70319,4.79,,,Aur,22678
125.63206,-48.49038,4.79,,,Vel,41039
140.23675,-62.40463,4.79,,,Car,45856
198.81240,-67.89459,4.79,,Eta,Mus,64661
237.80805,35.65738,4.79,,Kap,CrB,77655
247.55199,-25.11522,4.79,,,Sco,80815
267.29366,-31.70320,4.79,,,Sco,87220
270.06582,4.36862,4.79,,,Oph,88149
303.81623,25.59196,4.79,,,Vul,99824
332.45162,72.34121,4.79,,,Cep,109400
333.90380,-41.34670,4.79,,Mu-1,Gru,109908
10.51621,50.51253,4.80,,Xi,Cas,3300
13.26767,61.12397,4.80,,,Cas,4151
48.95844,-8.81973,4.80,Zibal,Zet,Eri,15197
65.38817,46.49888,4.80,,,Per,20354
66.02398,17.44413,4.80,,Del-2,Tau,20542
75.35977,-7.17396,4.80,,Psi,Eri,23364
99.83261,42.48888,4.80,,Psi-2,Aur,31832
137.59806,67.13402,4.80,,Sig-2,UMa,45038
139.04712,54.02186,4.80,,,UMa,45493
140.12091,-9.55570,4.80,,,Hya,45811
161.02887,-63.96107,4.80,,,Car,52502
188.71285,22.62926,4.80,,,Com,61394
196.79469,27.62474,4.80,,,Com,64022
212.21247,77.54751,4.80,,,UMi,69112
214.49925,35.50950,4.80,,,Boo,69879
220.85568,26.52785,4.80,,,Boo,71995
225.52711,25.00814,4.80,,Ome,Boo,73568
244.57460,-28.61402,4.80,,,Sco,79881
259.33153,33.10010,4.80,,,Her,84573
303.32520,46.81567,4.80,,,Cyg,99639
313.31146,44.38726,4.80,,,Cyg,103089
320.19012,-40.80947,4.80,,The-1,Mic,105382
336.31926,1.37740,4.80,,Pi,Aqr,110672
340.43921,29.30764,4.80,,Omi,Peg,112051
169.54677,31.52878,4.80,Alula Australis B,Xi,UMa,
77.42481,15.59723,4.81,,,Ori,24010
78.43932,-67.18525,4.81,,The,Dor,24372
79.37117,-34.89521,4.81,,Omi,Col,24659
89.49856,25.95391,4.81,,,Tau,28237
120.08320,-63.56746,4.81,,,Car,39138
143.76599,39.62149,4.81,,,Lyn,47029
171.15246,-10.85932,4.81,,Eps,Crt,55687
217.05057,-2.22796,4.81,Elgafar,Phi,Vir,70755
276.33767,-20.54168,4.81,,,Sgr,90289
309.63057,21.20117,4.81,,,Vul,101867
312.23456,46.11413,4.81,,,Cyg,102724
29.29188,-47.38528,4.82,,,Phe,9095
78.35717,38.48450,4.82,,Mu,Aur,24340
99.81966,-14.14576,4.82,,,CMa,31827
103.38711,-20.22425,4.82,,,CMa,33092
113.44984,-14.52389,4.82,,,Pup,36773
155.58162,-41.64996,4.82,,,Vel,50799
157.65691,55.98054,4.82,,,UMa,51459
186.63237,-51.45063,4.82,,,Cen,60710
204.36517,36.29490,4.82,,,CVn,66458
212.59973,25.09168,4.82,,,Boo,69226
240.57372,22.80445,4.82,,Pi,Ser,78554
245.51813,1.02904,4.82,,Sig,Ser,80179
252.30922,45.98332,4.82,,,Her,82321
255.26501,-4.22264,4.82,,,Oph,83262
276.49604,65.56348,4.82,Fafnir,,Dra,90344
283.59915,71.29719,4.82,,Ups,Dra,92782
316.10125,-19.85499,4.82,,Eta,Cap,104019
335.37948,12.20519,4.82,,,Peg,110386
337.66173,-10.67795,4.82,,Sig,Aqr,111123
349.43598,49.01530,4.82,,,And,115022
355.44085,-17.81653,4.82,,,Aqr,116901
13.75072,58.97270,4.83,,Ups-1,Cas,4292
21.91372,45.40669,4.83,,Ome,And,6813
39.89097,-11.87216,4.83,,Eps,Cet,12390
41.38572,-67.61662,4.83,,Zet,Hyi,12876
107.21278,-39.65566,4.83,,,Pup,34495
109.15347,-23.31559,4.83,,,CMa,35210
125.34595,-33.05437,4.83,,,Pup,40945
130.60581,-53.11398,4.83,,,Vel,42726
195.88884,-49.52726,4.83,,Xi-1,Cen,63724
225.94761,47.65406,4.83,,,Boo,73695
228.20664,-44.50041,4.83,,,Lup,74449
247.16060,41.88168,4.83,,,Her,80704
256.20564,-34.12293,4.83,,,Sco,83574
281.51866,26.66213,4.83,,,Lyr,92088
284.26529,-5.84631,4.83,,Eta,Sct,93026
284.68081,-37.10736,4.83,,Eps,CrA,93174
22.54631,6.14382,4.84,,Mu,Psc,7007
33.30553,44.23165,4.84,,,And,10340
34.26286,34.22423,4.84,,Del,Tri,10644
49.84040,3.37020,4.84,,Kap-1,Cet,15457
63.48494,9.26382,4.84,,,Tau,19740
85.32382,16.53415,4.84,,,Tau,26777
114.86392,-38.30802,4.84,,,Pup,37297
128.83200,-58.00923,4.84,,,Car,42134
165.14021,3.61749,4.84,,,Leo,53807
176.32100,8.25812,4.84,,Xi,Vir,57328
214.93850,16.30695,4.84,,,Boo,70027
248.15122,11.48804,4.84,,,Her,81008
250.22967,64.58905,4.84,,,Dra,81660
251.32419,56.78186,4.84,,,Dra,82020
299.73833,-26.19577,4.84,,,Sgr,98353
340.87490,-41.41435,4.84,,Rho,Gru,112203
341.40778,-53.50012,4.84,,Eta,Gru,112374
346.65339,59.41976,4.84,,,Cas,114104
241.09161,-11.37461,4.84,Graffias,Xi,Sco,
47.98436,74.39366,4.85,,,Cas,14862
49.68261,34.22265,4.85,,,Per,15416
112.46422,-23.02429,4.85,,,Pup,36431
152.23435,-51.81126,4.85,,,Vel,49712
198.01352,-37.80302,4.85,,,Cen,64408
229.41204,-63.61046,4.85,,Eps,Cir,74837
269.19761,-44.34225,4.85,,,Sco,87846
275.21693,3.37717,4.85,,,Oph,89918
284.61567,-52.93863,4.85,,Lam,Tel,93148
6.98208,-33.00717,4.86,,Eta,Scl,2210
49.59210,-22.51112,4.86,,,Eri,15382
101.55893,59.44167,4.86,,,Lyn,32438
129.92699,-29.56108,4.86,,Zet,Pyx,42483
158.77317,75.71295,4.86,,,Dra,51808
199.30428,-66.78344,4.86,,,Mus,64820
215.84457,8.44662,4.86,,,Boo,70327
220.41145,8.16176,4.86,,,Boo,71832
245.52430,30.89200,4.86,,Xi,CrB,80181
248.52092,-44.04532,4.86,,Mu,Nor,81122
249.68691,48.92834,4.86,,,Her,81497
263.06651,55.17296,4.86,,Nu-2,Dra,85829
265.85749,-21.68319,4.86,,,Oph,86736
281.08066,-35.64199,4.86,,,Sgr,91918
283.54240,-22.74483,4.86,Ainalrami,Nu-1,Sgr,92761
288.88511,-25.25668,4.86,,Psi,Sgr,94643
309.39697,-61.52992,4.86,,Rho,Pav,101773
331.41980,5.05853,4.86,,Nu,Peg,109068
20.58505,45.52878,4.87,Adhil,Xi,And,6411
38.96863,5.59325,4.87,,Nu,Cet,12093
48.72540,21.04444,4.87,,Zet,Ari,15110
63.59871,-10.25628,4.87,,,Eri,19777
108.30566,-45.18274,4.87,,,Pup,34899
130.43057,-15.94338,4.87,,,Hya,42662
133.88151,-27.68187,4.87,,Del,Pyx,43825
148.55138,-25.93235,4.87,,,Hya,48559
159.30721,-27.41263,4.87,,,Hya,51979
161.71347,-64.38347,4.87,,,Car,52736
296.59060,-19.76111,4.87,,,Sgr,97290
323.69394,38.53405,4.87,,,Cyg,106551
36.48751,-12.29048,4.88,,Rho,Cet,11345
81.90869,21.93697,4.88,,,Tau,25539
87.25402,24.56753,4.88,,,Tau,27468
88.27868,-33.80136,4.88,,Lam,Col,27810
109.66824,-24.55870,4.88,,,CMa,35412
179.90694,-78.22184,4.88,,Eps,Cha,58484
190.47107,10.23563,4.88,,Rho,Vir,61960
195.06864,30.78502,4.88,,,Com,63462
254.00625,65.13480,4.88,,,Dra,82860
269.44918,-41.71630,4.88,,,Sco,87936
280.88022,-8.27521,4.88,,Eps,Sct,91845
289.40867,-18.95291,4.88,,,Sgr,94820
293.80413,-48.09920,4.88,,Iot,Tel,96341
356.76426,58.65199,4.88,,Tau,Cas,117301
359.66824,-3.55598,4.88,,,Psc,118209
359.75223,55.75493,4.88,,Sig,Cas,118243
2.81608,-15.46798,4.89,,,Cet,910
72.47769,37.48828,4.89,,,Per,22453
81.18678,1.84644,4.89,,Psi-1,Ori,25302
87.38721,12.65132,4.89,,,Tau,27511
114.79140,34.58435,4.89,Jishui,Omi,Gem,37265
116.53104,18.51004,4.89,,,Gem,37908
157.84162,-53.71548,4.89,,,Vel,51523
159.38863,-13.38454,4.89,,,Hya,52009
176.63064,-40.50035,4.89,,,Cen,57443
177.96355,-65.20591,4.89,,,Mus,57851
193.32395,21.24494,4.89,,,Com,62886
214.55815,-81.00776,4.89,,Eta,Aps,69896
256.34454,12.74083,4.89,,,Her,83613
263.04377,55.18424,4.89,,Nu-1,Dra,85819
296.06915,37.35435,4.89,,,Cyg,97118
312.49200,-33.77972,4.89,,Alp,Mic,102831
339.81532,39.05027,4.89,,,Lac,111841
352.50804,58.54892,4.89,,,Cas,115990
12.20838,50.96817,4.90,,Nu,Cas,3801
21.40514,-14.59880,4.90,,,Cet,6670
85.61929,1.47463,4.90,,,Ori,26885
104.40463,45.09409,4.90,,,Lyn,33485
192.67154,-33.99930,4.90,,,Cen,62683
198.56367,-59.10323,4.90,,,Cen,64583
240.85080,-38.60254,4.90,,,Lup,78655
241.36065,-19.80186,4.90,Acrab B,Bet-2,Sco,78821
247.11633,-70.08440,4.90,,Zet,TrA,80686
297.76711,22.61005,4.90,,,Vul,97679
312.37063,-46.22683,4.90,,Zet,Ind,102790
40.56216,40.19394,4.91,,,Per,12623
67.96944,-0.04401,4.91,,,Eri,21139
75.35658,-20.05192,4.91,,,Lep,23362
76.86246,18.64505,4.91,,,Tau,23835
94.99833,-2.94449,4.91,,,Ori,30093
107.55701,-4.23711,4.91,,,Mon,34622
107.91383,39.32055,4.91,,,Aur,34752
159.64565,-16.87657,4.91,,Phi-3,Hya,52085
190.48577,-59.68582,4.91,,,Cru,61966
203.69914,37.18241,4.91,,,CVn,66257
225.24312,-8.51894,4.91,,Del,Lib,73473
228.65550,-31.51912,4.91,,,Lup,74604
250.39326,-17.74217,4.91,,,Oph,81724
256.33393,54.47004,4.91,,Mu,Dra,83608
298.90751,52.43895,4.91,,Psi,Cyg,98055
307.41251,-2.88553,4.91,,,Aql,101101
309.18180,-2.54996,4.91,,,Aql,101692
338.25015,-61.98212,4.91,,Nu,Tuc,111310
343.80696,8.81617,4.91,,Rho,Peg,113186
29.16748,-22.52679,4.92,,,Cet,9061
90.46009,-10.59793,4.92,,,Mon,28574
91.24636,-16.48444,4.92,,,Lep,28816
96.22459,49.28789,4.92,,Psi-1,Aur,30520
105.97344,-49.58392,4.92,,,Pup,34059
112.76866,82.41147,4.92,,,Cam,36547
138.90300,-38.56994,4.92,,,Vel,45439
166.33301,-27.29361,4.92,,Chi-1,Hya,54204
186.60027,27.26824,4.92,,,Com,60697
203.53305,3.65897,4.92,,,Vir,66200
207.42846,21.26411,4.92,,,Boo,67480
221.24667,-35.19183,4.92,,,Cen,72104
231.04954,-10.32227,4.92,,Eps,Lib,75379
271.70787,-43.42522,4.92,,,CrA,88726
275.07464,21.96130,4.92,,,Her,89861
277.93930,-45.91481,4.92,,Del-1,Tel,90830
283.30644,50.70822,4.92,,,Dra,92689
311.21878,25.27062,4.92,,,Vul,102388
62.71062,-41.99357,4.93,,Del,Hor,19515
64.31526,20.57859,4.93,,Ome-2,Tau,19990
65.10267,34.56672,4.93,,,Per,20252
74.81418,37.89025,4.93,,Ome,Aur,23179
113.91548,-52.53384,4.93,,,Car,36942
115.75182,58.71036,4.93,,,Lyn,37609
119.93397,-3.67958,4.93,,,Mon,39079
134.24343,-59.22934,4.93,,,Car,43937
145.56016,-23.91557,4.93,,,Hya,47592
173.06835,-29.26102,4.93,,,Hya,56280
175.22352,-62.09010,4.93,,,Cen,56986
184.08558,23.94541,4.93,,,Com,59847
192.92467,27.54071,4.93,,,Com,62763
195.18187,56.36634,4.93,,,UMa,63503
212.71035,-16.30203,4.93,,,Vir,69269
222.75447,-2.29915,4.93,,,Lib,72631
226.82523,24.86920,4.93,,,Boo,73996
242.99995,-10.06425,4.93,,Psi,Sco,79375
294.22271,-7.02748,4.93,,Kap,Aql,96483
301.84650,-52.88079,4.93,,Xi,Tel,99120
302.35674,36.83962,4.93,,,Cyg,99303
303.63343,36.80630,4.93,,,Cyg,99770
311.79478,34.37412,4.93,,,Cyg,102571
349.21225,-7.72650,4.93,,Chi,Aqr,114939
355.99784,29.36145,4.93,,,Peg,117073
33.09287,30.30307,4.94,,,Tri,10280
44.76534,35.18313,4.94,,,Per,13905
104.06663,-48.72114,4.94,,,Pup,33357
110.55638,-19.01660,4.94,,,CMa,35727
120.87951,27.79433,4.94,,Chi,Gem,39424
132.44850,-45.30788,4.94,,,Vel,43347
148.71755,-19.00936,4.94,Felis,,Hya,48615
156.03273,65.56642,4.94,,,UMa,50933
157.75863,-73.22149,4.94,,,Car,51495
197.26363,-23.11807,4.94,,Psi,Hya,64166
198.42896,40.15288,4.94,,,CVn,64540
246.99600,68.76814,4.94,,,Dra,80650
285.00344,32.14551,4.94,,Lam,Lyr,93279
303.56923,15.19761,4.94,,Rho,Aql,99742
307.51475,48.95157,4.94,,Ome-1,Cyg,101138
332.53640,-32.54841,4.94,,Tau,PsA,109422
10.86699,47.02455,4.95,,Pi,Cas,3414
20.02049,58.23161,4.95,,Phi,Cas,6242
59.35600,63.07226,4.95,,,Cam,18505
85.21131,-1.12879,4.95,,,Ori,26736
93.01366,16.13041,4.95,,,Ori,29434
171.98433,2.85627,4.95,,Tau,Leo,55945
188.68353,70.02177,4.95,,,Dra,61384
239.54737,-14.27936,4.95,,,Lib,78207
243.36972,-54.63047,4.95,,Kap,Nor,79509
244.37687,75.75533,4.95,,Eta,UMi,79822
298.96568,38.48671,4.95,,,Cyg,98068
300.43640,-59.37589,4.95,,,Pav,98608
343.00838,43.31242,4.95,,,Lac,112917
351.73314,1.25561,4.95,,Kap,Psc,115738
356.59799,3.48681,4.95,,,Psc,117245
25.14505,40.57705,4.96,,Tau,And,7818
25.44574,42.61337,4.96,,,And,7918
38.46128,-28.23234,4.96,,Ome,For,11918
50.36071,43.32965,4.96,,,Per,15648
67.10988,16.35967,4.96,,,Tau,20877
79.81917,22.09649,4.96,,,Tau,24822
88.71160,55.70695,4.96,,Xi,Aur,27949
207.46787,-18.13417,4.96,,,Vir,67494
239.44794,54.74976,4.96,,,Dra,78180
240.83595,-25.86524,4.96,,,Sco,78650
271.50792,22.21888,4.96,,,Her,88657
272.93055,-23.70124,4.96,,,Sgr,89153
272.97566,31.40535,4.96,,,Her,89172
351.20938,62.28281,4.96,,,Cas,115590
18.79565,-45.53166,4.97,,Nu,Phe,5862
29.00005,68.68524,4.97,,Ome,Cas,9009
55.59436,33.96503,4.97,,,Per,17313
60.32545,-61.07882,4.97,,Iot,Ret,18772
65.08841,27.35075,4.97,,Phi,Tau,20250
88.87462,-37.12067,4.97,,Xi,Col,28010
118.37424,26.76578,4.97,,Phi,Gem,38538
155.74236,-66.90150,4.97,,,Car,50847
185.08742,3.31257,4.97,,,Vir,60172
202.10755,13.77879,4.97,,,Vir,65721
217.04346,-29.49164,4.97,,,Hya,70753
235.07040,-23.81808,4.97,,,Lib,76742
244.25389,-50.06812,4.97,,Gam-1,Nor,79790
255.78279,14.09195,4.97,,,Her,83430
353.48826,31.32528,4.97,,,Peg,116310
354.94611,-14.22218,4.97,,Ome-1,Aqr,116758
356.50851,46.42028,4.97,,Psi,And,117221
25.68129,-3.69020,4.98,,,Cet,7999
32.35554,25.93989,4.98,,,Ari,10053
44.69908,-64.07128,4.98,,Bet,Hor,13884
76.66934,51.59772,4.98,,,Aur,23783
83.81592,-5.38732,4.98,,The-1,Ori,26220
83.84542,-5.41606,4.98,,The-2,Ori,26235
115.09671,-15.26392,4.98,,,Pup,37379
130.00614,-12.47537,4.98,,,Hya,42509
165.18667,6.10145,4.98,,,Leo,53824
177.48593,-70.22579,4.98,,,Mus,57696
186.74707,26.82570,4.98,,,Com,60746
232.94577,40.89933,4.98,,Nu-2,Boo,76041
240.36070,29.85106,4.98,,Iot,CrB,78493
275.97760,58.80074,4.98,,,Dra,90156
284.06101,4.20213,4.98,Alya B,The-2,Ser,92951
290.13709,-5.41577,4.98,,,Aql,95066
298.98077,58.84597,4.98,,,Cyg,98073
1.12550,-10.50952,4.99,,,Cet,355
30.57538,54.48754,4.99,,,Per,9505
52.01275,49.06287,4.99,,,Per,16147
55.56209,-31.93836,4.99,,Del,For,17304
59.28455,61.10888,4.99,,,Cam,18488
69.72315,-12.12312,4.99,,,Eri,21644
80.70834,3.54445,4.99,,,Ori,25142
102.69146,41.78123,4.99,,Psi-7,Aur,32844
102.71814,-34.36732,4.99,,,Pup,32855
105.72824,-4.23923,4.99,,,Mon,33971
111.41206,9.27610,4.99,,Eps,CMi,36041
123.33320,-15.78822,4.99,,,Pup,40259
136.49319,5.09232,4.99,,Ome,Hya,44659
137.76834,-44.86790,4.99,,,Vel,45085
142.98642,11.29983,4.99,,Xi,Leo,46771
170.70663,43.48270,4.99,,,UMa,55560
184.12560,33.06153,4.99,,,Com,59856
205.43662,-54.55942,4.99,,,Cen,66821
213.06585,2.40943,4.99,,,Vir,69389
230.53463,-47.92779,4.99,,Nu-1,Lup,75206
230.80125,30.28781,4.99,,Eta,CrB,75312
239.87615,-41.74444,4.99,,,Lup,78323
273.47318,64.39729,4.99,,,Dra,89348
291.03157,29.62134,4.99,,,Cyg,95372
301.08162,-32.05630,4.99,,,Sgr,98842
332.10805,-34.04384,4.99,,Ups,PsA,109289
344.10832,49.73354,4.99,,,Lac,113288
349.74032,-9.61075,4.99,,Psi-3,Aqr,115115
61.11318,59.15551,5.00,,,Cam,19018
81.10607,17.38353,5.00,,,Tau,25278
91.88180,-37.25292,5.00,Elkurud,The,Col,29034
93.93702,-13.71841,5.00,,,CMa,29735
104.02768,-14.04343,5.00,,Mu,CMa,33345
109.63325,49.46476,5.00,,,Lyn,35384
144.30277,6.83580,5.00,,,Leo,47205
170.80285,-36.16477,5.00,,,Cen,55588
175.87998,-62.48940,5.00,,,Cen,57175
232.85429,77.34935,5.00,,The,UMi,76008
242.01887,17.04698,5.00,Marsic,Kap,Her,79043
269.77200,-30.25303,5.00,,,Sgr,88060
271.86975,43.46189,5.00,,,Her,88788
283.77973,-22.67133,5.00,,Nu-2,Sgr,92845
285.35986,46.93481,5.00,,,Lyr,93408
288.47980,57.70510,5.00,,,Dra,94490
293.64540,19.77340,5.00,,,Vul,96275
296.60665,33.72760,5.00,,,Cyg,97295
359.39591,-64.29823,5.00,,Eta,Tuc,118121
131.17410,-54.70807,5.00,,,Vel,
241.09161,-11.37461,5.00,,Xi,Sco,
286.60270,-37.06474,5.00,,Gam,CrA,
